alpha,arousal1,betha,arousal2,theta,gamma,valence1,'Stimuli (Audio)',Response
3.1,0.323,3.98,1.29,4.74,2.67,-0.0379,Agressive,Agressive
3.05,0.328,4.13,1.35,5.1,2.78,-0.0445,Agressive,Agressive
3.07,0.325,4.16,1.35,5.12,2.8,-0.0531,Agressive,Agressive
3.17,0.316,4.2,1.33,5.12,2.84,-0.0522,Agressive,Agressive
3.12,0.32,4.17,1.34,5.11,2.95,-0.0543,Agressive,Agressive
3.09,0.323,4.05,1.31,5,2.97,-0.05,Agressive,Agressive
3.12,0.321,4.03,1.29,4.98,2.88,-0.0472,Agressive,Agressive
3.18,0.315,3.8,1.2,5.03,2.75,-0.0516,Agressive,Agressive
3.1,0.322,3.67,1.18,5.07,2.55,-0.053,Agressive,Agressive
2.92,0.343,3.58,1.23,5.08,2.51,-0.0537,Agressive,Agressive
2.76,0.363,3.62,1.31,5.04,2.58,-0.0814,Agressive,Agressive
2.67,0.374,3.46,1.29,4.66,2.49,-0.124,Agressive,Agressive
2.7,0.37,3.24,1.2,4.11,2.39,-0.0922,Agressive,Agressive
2.66,0.375,3.16,1.19,4.07,2.38,-0.0563,Agressive,Agressive
2.74,0.365,3.14,1.15,4.03,2.39,-0.0211,Agressive,Agressive
2.84,0.352,3.22,1.13,3.93,2.18,-0.0103,Agressive,Agressive
2.75,0.363,3.17,1.15,3.88,2.12,-0.00737,Agressive,Agressive
2.6,0.384,3.18,1.22,3.67,2.2,0.00538,Agressive,Agressive
2.59,0.386,3.19,1.23,3.41,2.26,0.0273,Agressive,Agressive
2.66,0.376,3.31,1.24,3.11,2.35,0.0504,Agressive,Agressive
2.88,0.348,3.06,1.07,3.07,2.34,0.061,Agressive,Agressive
2.93,0.341,2.9,0.99,3.12,2.23,0.0765,Agressive,Agressive
2.9,0.344,3.01,1.04,2.96,2.23,0.0895,Agressive,Agressive
2.85,0.351,3.3,1.16,2.74,2.3,0.0873,Agressive,Agressive
2.79,0.359,3.4,1.22,2.99,2.27,0.0611,Agressive,Agressive
2.74,0.365,3.4,1.24,3.05,2.13,0.0285,Agressive,Agressive
2.86,0.35,3.4,1.19,3.12,2.11,0.0273,Agressive,Agressive
2.94,0.34,3.37,1.15,3.27,1.97,0.0267,Agressive,Agressive
2.94,0.34,3.41,1.16,3.32,1.9,0.0305,Agressive,Agressive
2.96,0.338,3.39,1.14,3.49,1.87,0.0243,Agressive,Agressive
3.02,0.331,3.43,1.14,3.81,1.9,0.00783,Agressive,Agressive
3.15,0.318,3.5,1.11,3.85,2.09,0.00756,Agressive,Agressive
3.31,0.302,3.47,1.05,3.84,2.09,0.0085,Agressive,Agressive
3.34,0.299,3.21,0.961,3.86,1.98,0.00828,Agressive,Agressive
3.42,0.293,3.15,0.921,3.79,1.94,-0.00214,Agressive,Agressive
3.48,0.288,3.03,0.87,3.74,1.89,-0.00503,Agressive,Agressive
3.43,0.292,3.08,0.9,3.79,1.88,-0.00484,Agressive,Agressive
3.37,0.297,3.1,0.92,3.87,1.94,-0.00833,Agressive,Agressive
3.33,0.3,3.11,0.933,3.88,1.95,-0.00779,Agressive,Agressive
3.34,0.299,3.26,0.974,3.83,1.96,-0.00799,Agressive,Agressive
3.27,0.306,3.46,1.06,3.66,1.96,-0.0096,Agressive,Agressive
3.14,0.319,3.41,1.09,3.45,1.87,-0.0169,Agressive,Agressive
2.85,0.35,3.4,1.19,3.57,1.64,-0.0519,Agressive,Agressive
2.66,0.375,3.4,1.28,3.84,1.63,-0.119,Agressive,Agressive
2.67,0.374,3.4,1.27,3.9,1.63,-0.125,Agressive,Agressive
2.51,0.398,3.31,1.32,3.94,1.73,-0.128,Agressive,Agressive
2.25,0.445,3.29,1.46,4.09,1.91,-0.143,Agressive,Agressive
2.14,0.468,3.29,1.54,4.19,1.96,-0.118,Agressive,Agressive
2.15,0.465,3.39,1.58,4.16,1.95,-0.107,Agressive,Agressive
2.2,0.454,3.42,1.55,4.15,1.95,-0.0892,Agressive,Agressive
2.31,0.432,3.1,1.34,4.14,1.87,-0.0656,Agressive,Agressive
2.64,0.379,2.96,1.12,4.25,1.87,-0.0568,Agressive,Agressive
2.85,0.35,2.95,1.03,4.34,1.9,-0.0554,Agressive,Agressive
3.05,0.328,2.79,0.915,4.28,1.92,-0.0448,Agressive,Agressive
3.16,0.317,2.78,0.879,4.1,2.02,-0.0234,Agressive,Agressive
3.18,0.314,3.01,0.946,4.08,1.92,-0.00971,Agressive,Agressive
3.24,0.309,3.05,0.942,4.16,1.96,-0.0118,Agressive,Agressive
3.41,0.293,3.01,0.882,4.11,1.99,-0.0151,Agressive,Agressive
3.5,0.286,2.96,0.847,3.95,1.96,-0.0135,Agressive,Agressive
3.52,0.284,2.8,0.797,3.89,1.99,-0.012,Agressive,Agressive
3.5,0.286,2.76,0.788,4.11,2.01,-0.0163,Agressive,Agressive
3.46,0.289,2.67,0.772,4.26,2.03,-0.0167,Agressive,Agressive
3.28,0.305,3.11,0.949,4.15,2,-0.0102,Agressive,Agressive
3.12,0.321,3.25,1.04,4.17,2.05,-0.000266,Agressive,Agressive
3.41,0.293,3.3,0.969,4.39,2.11,-0.0044,Agressive,Agressive
3.68,0.271,3.34,0.907,4.5,2.18,-0.0166,Agressive,Agressive
3.74,0.267,3.23,0.863,4.46,2.16,-0.0225,Agressive,Agressive
3.65,0.274,3.21,0.881,4.4,2.35,-0.0203,Agressive,Agressive
3.53,0.283,3.23,0.915,4.39,2.47,-0.0251,Agressive,Agressive
3.55,0.282,3.35,0.943,4.38,2.5,-0.0311,Agressive,Agressive
3.6,0.278,3.4,0.943,4.27,2.56,-0.0305,Agressive,Agressive
3.63,0.276,3.43,0.947,4.08,2.56,-0.0305,Agressive,Agressive
3.65,0.274,3.54,0.969,3.99,2.69,-0.0299,Agressive,Agressive
3.67,0.273,3.17,0.865,3.99,2.67,-0.0278,Agressive,Agressive
3.53,0.283,3.13,0.886,3.77,2.67,-0.0251,Agressive,Agressive
3,0.334,3.11,1.04,3.26,2.73,-0.0354,Agressive,Agressive
2.55,0.392,3.04,1.19,3.1,2.73,-0.0337,Agressive,Agressive
2.54,0.394,3.06,1.21,3.02,2.84,-0.0288,Agressive,Agressive
2.6,0.385,3.07,1.18,3.05,2.74,-0.0231,Agressive,Agressive
2.66,0.376,3.07,1.15,3.5,2.63,-0.000517,Agressive,Agressive
2.49,0.402,2.99,1.2,3.8,2.76,0.0219,Agressive,Agressive
2.37,0.422,2.88,1.21,3.83,2.82,0.0328,Agressive,Agressive
2.49,0.402,2.83,1.14,3.85,2.83,0.0519,Agressive,Agressive
2.53,0.396,2.75,1.09,3.91,2.75,0.0456,Agressive,Agressive
2.64,0.378,2.75,1.04,3.97,2.74,0.0105,Agressive,Agressive
2.77,0.362,2.73,0.988,4.06,2.69,-0.0184,Agressive,Agressive
2.82,0.354,2.8,0.993,4.05,2.61,-0.0297,Agressive,Agressive
2.84,0.352,2.85,1,4.1,2.57,-0.0305,Agressive,Agressive
2.83,0.354,2.76,0.979,4.2,2.33,-0.0254,Agressive,Agressive
2.78,0.36,2.76,0.993,4.15,2.24,-0.0293,Agressive,Agressive
2.71,0.369,3.02,1.11,3.95,2.31,-0.0428,Agressive,Agressive
2.72,0.368,3.26,1.2,3.92,2.04,-0.0389,Agressive,Agressive
2.65,0.378,3.52,1.33,3.94,1.99,-0.0703,Agressive,Agressive
2.54,0.394,3.58,1.41,3.93,1.88,-0.0965,Agressive,Agressive
2.43,0.411,3.6,1.48,3.94,1.92,-0.0972,Agressive,Agressive
2.22,0.451,3.65,1.65,3.87,1.98,-0.0877,Agressive,Agressive
2.06,0.484,3.64,1.76,3.75,1.95,-0.0388,Agressive,Agressive
2.13,0.469,3.61,1.69,3.67,1.93,0.0236,Agressive,Agressive
2.1,0.476,3.68,1.75,3.55,2.11,0.0474,Agressive,Agressive
2.06,0.486,3.76,1.83,3.37,2.39,0.0315,Agressive,Agressive
2.12,0.471,3.79,1.79,3.18,2.58,0.0239,Agressive,Agressive
2.17,0.461,3.61,1.66,3.01,2.55,0.00268,Agressive,Agressive
2.11,0.474,3.54,1.68,2.77,2.51,0.00994,Agressive,Agressive
2.04,0.49,3.31,1.62,2.48,2.5,0.0481,Agressive,Agressive
2.14,0.467,3.27,1.53,2.37,2.5,0.0406,Agressive,Agressive
2.3,0.436,3.25,1.42,2.62,2.48,0.0299,Agressive,Agressive
2.34,0.428,3.18,1.36,2.78,2.41,0.0201,Agressive,Agressive
3.25,0.307,2.91,0.896,3.48,1.9,0.0171,Agressive,Agressive
3.17,0.315,2.89,0.912,3.64,1.96,0.0196,Agressive,Agressive
3.15,0.317,2.94,0.932,3.63,1.91,0.0225,Agressive,Agressive
3.18,0.314,3.51,1.1,3.53,1.97,0.0184,Agressive,Agressive
3.46,0.289,3.66,1.06,3.52,2.06,0.012,Agressive,Agressive
3.88,0.258,3.4,0.875,3.69,1.96,0.00686,Agressive,Agressive
4.07,0.245,3.41,0.838,4.25,1.95,0.00355,Agressive,Agressive
4.06,0.247,3.43,0.846,4.63,1.79,0.00241,Agressive,Agressive
4.08,0.245,3.48,0.853,4.76,1.93,0.00405,Agressive,Agressive
4.13,0.242,3.6,0.872,4.79,1.98,0.00335,Agressive,Agressive
4.14,0.242,3.68,0.89,4.78,1.87,0.00273,Agressive,Agressive
4.13,0.242,3.71,0.898,4.73,1.79,0.00337,Agressive,Agressive
4.14,0.242,3.73,0.902,4.69,1.81,0.00326,Agressive,Agressive
4.14,0.241,3.63,0.877,4.68,1.86,0.00193,Agressive,Agressive
4.11,0.243,3.36,0.818,4.66,1.94,0.00183,Agressive,Agressive
3.9,0.256,3.29,0.842,4.67,1.83,0.0021,Agressive,Agressive
3.34,0.3,3.31,0.991,4.58,1.84,0.00633,Agressive,Agressive
2.94,0.34,3.25,1.1,4.14,1.84,0.0343,Agressive,Agressive
2.8,0.358,3.2,1.15,3.46,1.74,0.015,Agressive,Agressive
2.62,0.381,3.12,1.19,3.15,1.67,-0.0119,Agressive,Agressive
2.57,0.389,2.82,1.1,3.1,1.62,0.00232,Agressive,Agressive
2.57,0.388,2.88,1.12,3.15,1.62,0.0119,Agressive,Agressive
2.56,0.391,2.88,1.13,3.25,1.73,0.00697,Agressive,Agressive
2.58,0.388,2.89,1.12,3.26,1.74,0.016,Agressive,Agressive
2.6,0.385,2.73,1.05,3.1,1.65,0.0379,Agressive,Agressive
2.62,0.381,2.65,1.01,3.03,1.55,0.0381,Agressive,Agressive
2.59,0.386,2.59,0.998,3.03,1.5,0.0348,Agressive,Agressive
2.49,0.401,2.6,1.04,3.17,1.49,0.0288,Agressive,Agressive
2.67,0.375,2.61,0.978,3.39,1.53,0.0299,Agressive,Agressive
2.85,0.351,2.7,0.947,3.44,1.58,0.0523,Agressive,Agressive
2.82,0.354,2.68,0.949,3.38,1.61,0.073,Agressive,Agressive
2.71,0.369,2.78,1.03,3.4,1.64,0.0974,Agressive,Agressive
2.71,0.369,2.76,1.02,3.44,1.77,0.104,Agressive,Agressive
2.78,0.36,2.74,0.985,3.44,1.63,0.0917,Agressive,Agressive
2.89,0.346,2.87,0.992,3.47,1.53,0.0592,Agressive,Agressive
3.02,0.331,2.88,0.952,3.52,1.55,0.0309,Agressive,Agressive
3.08,0.324,2.9,0.941,3.76,1.62,0.0188,Agressive,Agressive
3.09,0.323,2.95,0.952,4.08,1.63,0.0138,Agressive,Agressive
3.06,0.327,2.94,0.962,4.23,1.76,0.0192,Agressive,Agressive
2.95,0.339,3.06,1.04,4.22,1.81,0.0221,Agressive,Agressive
2.74,0.366,3.03,1.11,4.27,1.78,0.00807,Agressive,Agressive
2.68,0.373,3.03,1.13,4.49,1.69,-0.0119,Agressive,Agressive
2.73,0.366,2.9,1.06,4.7,1.66,-0.0154,Agressive,Agressive
2.69,0.372,2.81,1.05,4.81,1.57,-0.0336,Agressive,Agressive
2.62,0.382,2.74,1.05,4.82,1.58,-0.0349,Agressive,Agressive
2.61,0.383,2.66,1.02,4.81,1.61,-0.00195,Agressive,Agressive
2.69,0.371,2.73,1.01,4.77,1.48,0.0291,Agressive,Agressive
2.84,0.352,2.57,0.907,4.66,1.41,0.0353,Agressive,Agressive
2.93,0.341,2.65,0.905,4.52,1.48,0.0233,Agressive,Agressive
2.91,0.344,2.52,0.867,4.41,1.21,0.0104,Agressive,Agressive
2.96,0.338,2.6,0.88,4.41,1.15,0.000104,Agressive,Agressive
2.95,0.339,2.64,0.896,4.38,1.14,0.00282,Agressive,Agressive
2.94,0.34,2.66,0.903,4.14,1.4,0.00636,Agressive,Agressive
3.05,0.328,2.67,0.876,3.93,1.43,0.00786,Agressive,Agressive
3.07,0.325,2.76,0.897,3.91,1.39,0.00778,Agressive,Agressive
3.06,0.327,2.7,0.883,3.97,1.59,0.0075,Agressive,Agressive
2.96,0.338,2.83,0.954,3.98,1.78,-0.00116,Agressive,Agressive
2.72,0.368,2.99,1.1,4.01,2.22,-0.0155,Agressive,Agressive
2.42,0.414,3.11,1.29,3.96,2.39,-0.0125,Agressive,Agressive
2.35,0.426,3.07,1.31,3.9,2.45,-0.00716,Agressive,Agressive
2.33,0.43,3.14,1.35,3.9,2.5,-0.00641,Agressive,Agressive
2.42,0.413,3.04,1.26,3.87,2.58,-0.0216,Agressive,Agressive
2.54,0.394,3.08,1.21,3.81,2.59,-0.0359,Agressive,Agressive
2.41,0.414,3.23,1.34,3.77,2.57,-0.0749,Agressive,Agressive
2.32,0.43,3.29,1.42,3.56,2.58,-0.096,Agressive,Agressive
2.36,0.424,3.36,1.43,3.36,2.58,-0.0847,Agressive,Agressive
2.29,0.436,3.49,1.52,3.56,2.47,-0.0744,Agressive,Agressive
2.23,0.448,3.47,1.56,3.92,2.34,-0.0633,Agressive,Agressive
2.23,0.448,3.37,1.51,4.17,1.93,-0.0605,Agressive,Agressive
2.37,0.423,3.39,1.43,4.22,1.95,-0.0436,Agressive,Agressive
2.45,0.408,3.5,1.43,4.23,1.84,-0.0325,Agressive,Agressive
2.46,0.407,3.47,1.41,4.24,1.85,-0.0369,Agressive,Agressive
2.37,0.421,3.48,1.47,4.23,1.68,-0.0319,Agressive,Agressive
2.24,0.446,3.48,1.55,4.22,1.94,-0.0131,Agressive,Agressive
2.11,0.474,3.47,1.64,4.22,1.92,0.00748,Agressive,Agressive
2.02,0.495,3.45,1.71,4.19,1.95,0.0103,Agressive,Agressive
1.97,0.508,3.73,1.9,4.09,2.04,-0.00222,Agressive,Agressive
2.01,0.496,3.67,1.82,3.85,2.04,-0.0378,Agressive,Agressive
2.35,0.425,3.63,1.55,3.39,2.07,-0.0497,Agressive,Agressive
2.53,0.395,3.61,1.43,3.04,1.97,-0.0582,Agressive,Agressive
2.74,0.365,3.62,1.32,3.3,2.16,-0.0558,Agressive,Agressive
3.05,0.328,3.5,1.15,3.5,2.15,-0.0392,Agressive,Agressive
3.05,0.328,3.56,1.17,3.74,2.13,-0.0305,Agressive,Agressive
3.09,0.324,3.57,1.16,4.11,2.25,-0.0221,Agressive,Agressive
3.16,0.317,3.72,1.18,4.19,2.23,-0.0139,Agressive,Agressive
3.23,0.31,3.79,1.17,4.24,2.3,-0.00239,Agressive,Agressive
3.34,0.3,3.74,1.12,4.33,2.29,-0.00509,Agressive,Agressive
3.49,0.287,3.57,1.02,4.34,2.27,-0.00492,Agressive,Agressive
3.5,0.286,3.56,1.02,4.31,2.4,-0.00363,Agressive,Agressive
3.43,0.292,3.52,1.03,4.35,2.39,-0.000367,Agressive,Agressive
3.35,0.299,3.52,1.05,4.35,2.36,0.00388,Agressive,Agressive
3.15,0.318,3.45,1.1,4.26,2.37,0.00636,Agressive,Agressive
2.99,0.334,3.69,1.23,4.18,2.5,0.00928,Agressive,Agressive
2.94,0.34,3.69,1.25,3.89,2.51,0.00486,Agressive,Agressive
2.93,0.342,3.7,1.26,3.66,2.43,-0.00566,Agressive,Agressive
2.98,0.336,3.31,1.11,3.67,2.37,-0.0321,Agressive,Agressive
2.96,0.337,3.25,1.1,3.58,2.33,-0.0341,Agressive,Agressive
2.86,0.349,3.37,1.18,3.44,2.44,-0.0347,Agressive,Agressive
2.78,0.359,3.47,1.25,3.53,2.54,-0.0325,Agressive,Agressive
2.86,0.349,3.54,1.24,3.64,2.54,-0.0374,Agressive,Agressive
3.03,0.33,3.55,1.17,3.68,2.82,-0.0355,Agressive,Agressive
3.01,0.332,3.7,1.23,3.63,2.86,-0.0342,Agressive,Agressive
3.02,0.331,3.8,1.26,3.99,2.83,-0.0317,Agressive,Agressive
3.95,0.253,3.69,0.932,6.26,2.8,-0.0216,Agressive,Agressive
5.08,0.197,3.82,0.752,7.73,2.79,-0.00968,Agressive,Agressive
5.42,0.184,3.83,0.707,8.3,2.77,-0.00741,Agressive,Agressive
5.59,0.179,3.88,0.693,8.47,2.73,-0.00611,Agressive,Agressive
4.06,0.246,3.56,0.877,5.35,1.95,-0.0267,Agressive,Sad
4.2,0.238,3.63,0.864,5.42,2.01,-0.0231,Agressive,Sad
4.38,0.228,3.55,0.81,5.49,2,-0.0215,Agressive,Sad
4.37,0.229,3.56,0.814,5.51,2,-0.0229,Agressive,Sad
4.22,0.237,3.63,0.86,5.38,2.12,-0.0238,Agressive,Sad
4.14,0.242,3.63,0.876,5.07,2.13,-0.0238,Agressive,Sad
4.15,0.241,3.55,0.856,4.69,2.17,-0.0258,Agressive,Sad
4.14,0.242,3.5,0.845,4.51,2.17,-0.0256,Agressive,Sad
4.11,0.243,3.5,0.851,4.49,2.15,-0.0245,Agressive,Sad
4.08,0.245,3.42,0.839,4.5,2.03,-0.0251,Agressive,Sad
4,0.25,3.31,0.827,4.54,2.03,-0.0257,Agressive,Sad
3.9,0.256,3.38,0.866,4.52,2.01,-0.0263,Agressive,Sad
3.62,0.277,3.3,0.912,4.35,1.98,-0.0354,Agressive,Sad
2.92,0.343,3.29,1.13,4.07,1.91,-0.0582,Agressive,Sad
2.48,0.403,3.32,1.34,3.86,1.86,-0.0801,Agressive,Sad
2.55,0.392,3.19,1.25,3.77,1.63,-0.0519,Agressive,Sad
2.64,0.378,3.12,1.18,3.74,1.58,-0.0246,Agressive,Sad
2.63,0.381,3.15,1.2,3.72,1.52,0.00908,Agressive,Sad
2.65,0.377,3.12,1.18,3.63,1.49,0.0252,Agressive,Sad
2.67,0.374,3.16,1.18,3.53,1.53,0.0526,Agressive,Sad
2.61,0.383,3.17,1.21,3.35,1.48,0.0921,Agressive,Sad
2.57,0.388,3.12,1.21,3.05,1.42,0.0894,Agressive,Sad
2.48,0.403,2.97,1.2,2.64,1.33,0.0971,Agressive,Sad
2.5,0.4,3.32,1.33,2.46,1.4,0.0975,Agressive,Sad
2.77,0.361,3.25,1.17,2.48,1.51,0.0564,Agressive,Sad
2.77,0.36,3.22,1.16,2.55,1.49,0.0456,Agressive,Sad
2.72,0.367,3.23,1.19,2.69,1.51,0.0419,Agressive,Sad
2.72,0.368,3.24,1.19,2.71,1.52,0.0347,Agressive,Sad
2.68,0.373,3.22,1.2,2.71,1.71,0.0277,Agressive,Sad
2.69,0.372,3.16,1.18,2.78,1.71,-0.00307,Agressive,Sad
2.73,0.367,3.15,1.15,3.22,1.67,-0.0441,Agressive,Sad
2.81,0.356,3.27,1.16,3.74,1.8,-0.0689,Agressive,Sad
2.92,0.342,3.23,1.11,3.89,1.76,-0.0633,Agressive,Sad
3.06,0.327,3.01,0.984,3.87,1.76,-0.0438,Agressive,Sad
2.99,0.334,2.97,0.995,3.84,1.71,-0.0466,Agressive,Sad
2.85,0.351,3.02,1.06,3.82,1.69,-0.0504,Agressive,Sad
2.84,0.352,3.03,1.07,3.77,1.83,-0.036,Agressive,Sad
2.87,0.349,3.05,1.06,3.78,1.82,-0.023,Agressive,Sad
2.88,0.348,3,1.04,3.81,1.83,-0.0138,Agressive,Sad
2.89,0.346,2.99,1.03,3.81,1.69,-0.00297,Agressive,Sad
2.88,0.347,3.34,1.16,3.7,1.79,0.00671,Agressive,Sad
3.03,0.33,3.37,1.11,3.26,1.84,0.0173,Agressive,Sad
3.21,0.312,3.28,1.02,2.63,1.92,0.016,Agressive,Sad
3.25,0.308,3.25,0.999,2.37,2.04,0.00255,Agressive,Sad
3.16,0.316,3.37,1.07,2.28,2.03,-0.00388,Agressive,Sad
3.22,0.31,3.29,1.02,2.3,2.07,-0.00299,Agressive,Sad
3.34,0.3,3.26,0.977,2.47,2.05,-0.00969,Agressive,Sad
3.33,0.3,3.2,0.96,2.84,2,-0.0144,Agressive,Sad
3.31,0.302,3.36,1.01,3.06,2.07,-0.0142,Agressive,Sad
3.33,0.301,3.32,0.999,3.35,2.06,-0.0158,Agressive,Sad
3.35,0.299,3.24,0.967,3.67,2.08,-0.0178,Agressive,Sad
3.27,0.305,2.9,0.886,3.87,1.96,-0.0153,Agressive,Sad
3.09,0.323,3.1,1,3.93,1.9,0.000385,Agressive,Sad
2.98,0.335,3.2,1.07,4,1.76,0.035,Agressive,Sad
3.05,0.328,3.16,1.04,4.02,1.64,0.0509,Agressive,Sad
3.03,0.33,2.99,0.987,4.13,1.54,0.0509,Agressive,Sad
3.12,0.321,2.95,0.946,4.3,1.55,0.0617,Agressive,Sad
3.15,0.317,3.01,0.954,4.29,1.91,0.073,Agressive,Sad
3.28,0.305,3.15,0.96,4.28,1.85,0.0404,Agressive,Sad
3.53,0.284,2.98,0.846,4.64,1.83,0.0127,Agressive,Sad
3.71,0.27,3.19,0.861,4.91,1.76,0.0121,Agressive,Sad
3.86,0.259,3.26,0.847,4.9,1.77,0.0123,Agressive,Sad
3.89,0.257,3.28,0.844,4.89,1.78,0.00924,Agressive,Sad
3.9,0.256,3.05,0.78,4.96,1.83,0.00404,Agressive,Sad
3.85,0.26,2.98,0.773,5.01,2.02,-0.00206,Agressive,Sad
3.83,0.261,3,0.782,5.04,2.07,-0.00335,Agressive,Sad
3.79,0.264,3.03,0.799,4.99,2.13,-0.00436,Agressive,Sad
3.73,0.268,3.33,0.892,4.92,2.1,-0.00919,Agressive,Sad
3.69,0.271,3.24,0.877,4.95,1.97,-0.00666,Agressive,Sad
3.68,0.272,3.36,0.914,4.95,2.03,0.00862,Agressive,Sad
3.51,0.285,3.31,0.943,4.76,2.06,0.0194,Agressive,Sad
3.3,0.303,3.19,0.965,4.56,2.06,0.0205,Agressive,Sad
3.25,0.308,3.17,0.974,4.52,2.07,0.0152,Agressive,Sad
3.31,0.302,3.22,0.972,4.47,2.11,0.00917,Agressive,Sad
3.37,0.297,3.4,1.01,4.35,2.12,0.000119,Agressive,Sad
3.35,0.299,3.44,1.03,4.19,1.96,-0.00364,Agressive,Sad
3.39,0.295,3.49,1.03,4.12,1.94,-0.0137,Agressive,Sad
3.49,0.286,3.48,0.996,4.12,1.87,-0.0301,Agressive,Sad
3.51,0.285,3.31,0.941,4.13,1.89,-0.0402,Agressive,Sad
3.44,0.291,3.3,0.959,4.03,1.85,-0.0527,Agressive,Sad
3.29,0.304,3.2,0.973,3.63,1.75,-0.0766,Agressive,Sad
3.2,0.312,3.23,1.01,3.16,1.8,-0.0893,Agressive,Sad
3.23,0.31,3.27,1.01,3.1,2.01,-0.0836,Agressive,Sad
3.23,0.309,3.23,0.999,3.28,1.98,-0.0825,Agressive,Sad
3.1,0.323,3.27,1.06,3.47,2.02,-0.0932,Agressive,Sad
3.01,0.333,3.25,1.08,3.55,2.45,-0.105,Agressive,Sad
3.11,0.321,4.01,1.29,3.55,3.46,-0.0932,Agressive,Sad
3.02,0.331,4.3,1.42,3.69,3.64,-0.0763,Agressive,Sad
3.11,0.322,4.35,1.4,4.38,3.74,-0.0389,Agressive,Sad
3.46,0.289,4.46,1.29,4.61,3.77,-0.013,Agressive,Sad
3.79,0.264,4.47,1.18,4.58,3.83,0.0183,Agressive,Sad
3.95,0.253,4.47,1.13,4.64,3.84,0.0306,Agressive,Sad
4,0.25,4.53,1.13,4.73,3.86,0.0303,Agressive,Sad
3.97,0.252,4.66,1.17,4.7,3.88,0.0301,Agressive,Sad
3.9,0.256,4.66,1.19,4.67,3.9,0.0343,Agressive,Sad
3.91,0.256,4.63,1.19,4.71,3.9,0.0323,Agressive,Sad
3.94,0.254,4.63,1.18,4.74,3.46,0.0361,Agressive,Sad
4.03,0.248,4.25,1.05,4.74,3.17,0.0383,Agressive,Sad
4.09,0.245,4.04,0.988,4.58,3.02,0.0364,Agressive,Sad
4.01,0.249,4.54,1.13,4.26,3.73,0.0435,Agressive,Sad
5.82,0.172,9.38,1.61,7,6.94,-0.00123,Agressive,Sad
8.85,0.113,9.69,1.1,9.69,6.94,-0.00108,Agressive,Sad
9.86,0.101,9.71,0.984,10.9,6.94,-0.00076,Agressive,Sad
10.1,0.0986,9.71,0.957,11.3,6.94,-0.000732,Agressive,Sad
10.2,0.0982,9.71,0.953,11.4,6.96,-0.000743,Agressive,Sad
10.2,0.0981,9.71,0.952,11.4,6.97,-0.000747,Agressive,Sad
3,0.334,2.76,0.921,4.71,1.65,-0.0346,Calm,Happy
2.92,0.343,2.81,0.964,4.46,1.66,-0.0201,Calm,Happy
2.94,0.34,2.94,1,4.17,1.67,-0.02,Calm,Happy
2.98,0.336,3.27,1.1,4.16,1.74,-0.0194,Calm,Happy
2.98,0.335,3.55,1.19,4.21,1.71,-0.00941,Calm,Happy
3.08,0.324,3.64,1.18,4.09,1.74,0.00821,Calm,Happy
3.14,0.318,3.6,1.15,4,1.58,0.0155,Calm,Happy
2.96,0.338,3.54,1.2,4.4,1.6,0.021,Calm,Happy
2.89,0.346,3.54,1.22,4.78,1.65,0.00416,Calm,Happy
2.91,0.343,3.59,1.23,4.86,1.63,-0.00712,Calm,Happy
2.89,0.347,3.59,1.25,4.84,1.63,-0.00987,Calm,Happy
2.88,0.348,3.59,1.25,4.84,1.57,-0.0105,Calm,Happy
2.96,0.338,3.55,1.2,4.8,1.63,-0.00306,Calm,Happy
2.94,0.34,3.45,1.17,4.76,1.66,-0.00617,Calm,Happy
2.91,0.344,3.24,1.12,4.72,1.72,-0.0156,Calm,Happy
2.92,0.342,3,1.03,4.69,1.92,-0.014,Calm,Happy
2.88,0.347,2.9,1.01,4.73,1.91,-0.0252,Calm,Happy
2.94,0.34,2.95,1,4.54,1.9,-0.0354,Calm,Happy
2.94,0.34,2.96,1.01,3.88,1.88,-0.0284,Calm,Happy
2.92,0.343,2.95,1.01,3.24,1.84,-0.0133,Calm,Happy
2.98,0.336,2.86,0.961,3.29,1.82,0.00775,Calm,Happy
3.01,0.332,2.8,0.93,3.35,1.84,0.016,Calm,Happy
2.94,0.341,2.77,0.944,3.34,1.87,0.0221,Calm,Happy
2.87,0.348,3.05,1.06,3.3,1.92,0.03,Calm,Happy
3.01,0.333,2.99,0.996,3.28,1.87,0.0254,Calm,Happy
3.3,0.303,2.98,0.903,3.42,1.8,0.0115,Calm,Happy
3.36,0.298,2.99,0.889,3.49,1.66,0.00499,Calm,Happy
3.25,0.308,2.93,0.904,3.47,1.62,0.00257,Calm,Happy
3.17,0.316,2.93,0.925,3.5,1.74,0.0107,Calm,Happy
3.17,0.315,2.94,0.926,3.67,1.72,0.0206,Calm,Happy
3.18,0.314,2.95,0.927,3.93,1.74,0.0184,Calm,Happy
3.2,0.313,3,0.94,4,1.72,0.00518,Calm,Happy
3.28,0.305,2.98,0.908,4.04,1.69,-0.0178,Calm,Happy
3.37,0.296,2.94,0.872,4.09,1.64,-0.0295,Calm,Happy
3.36,0.298,2.58,0.769,4.07,1.62,-0.0338,Calm,Happy
3.2,0.312,2.49,0.777,4.05,1.48,-0.0423,Calm,Happy
2.93,0.342,2.52,0.86,3.97,1.39,-0.0597,Calm,Happy
2.75,0.364,2.47,0.899,3.85,1.44,-0.0674,Calm,Happy
2.76,0.362,2.51,0.909,3.88,1.52,-0.0741,Calm,Happy
2.77,0.361,2.67,0.963,3.93,1.57,-0.0936,Calm,Happy
2.71,0.369,2.76,1.02,3.79,1.6,-0.121,Calm,Happy
2.61,0.383,2.81,1.08,3.58,1.67,-0.141,Calm,Happy
2.45,0.408,2.89,1.18,3.61,1.69,-0.122,Calm,Happy
2.18,0.459,2.89,1.33,3.57,1.63,-0.0759,Calm,Happy
2.01,0.499,2.89,1.44,3.53,1.62,-0.0461,Calm,Happy
2.06,0.486,2.87,1.4,3.61,1.61,-0.027,Calm,Happy
2.17,0.46,2.84,1.3,3.72,1.61,-0.00114,Calm,Happy
2.12,0.472,2.71,1.28,3.73,1.67,-0.00374,Calm,Happy
2.15,0.466,2.88,1.34,3.74,1.68,-0.0183,Calm,Happy
2.16,0.463,2.94,1.36,3.64,1.47,0.00925,Calm,Happy
2.51,0.398,2.77,1.1,3.55,1.42,0.0246,Calm,Happy
2.74,0.365,2.75,1,3.46,1.47,0.0161,Calm,Happy
2.75,0.364,2.63,0.955,3.14,1.53,0.0109,Calm,Happy
2.73,0.366,2.57,0.94,2.85,1.65,0.0173,Calm,Happy
2.94,0.34,2.75,0.935,2.9,1.8,0.0182,Calm,Happy
3.2,0.312,2.98,0.932,2.99,2,0.0104,Calm,Happy
3.21,0.312,3.25,1.01,3.17,2.17,0.00729,Calm,Happy
3.41,0.293,3.41,1,3.36,2.24,0.00701,Calm,Happy
3.86,0.259,3.52,0.912,3.55,2.19,-0.00229,Calm,Happy
4.13,0.242,3.4,0.824,3.6,2.29,-0.0094,Calm,Happy
4.21,0.238,3.72,0.883,3.61,2.37,-0.014,Calm,Happy
4.19,0.238,4.03,0.96,3.86,2.39,-0.0169,Calm,Happy
4.32,0.232,4.05,0.938,4.9,2.35,-0.0174,Calm,Happy
4.43,0.226,4.07,0.918,5.49,2.31,-0.0195,Calm,Happy
4.42,0.226,4.03,0.911,5.63,2.28,-0.0227,Calm,Happy
4.37,0.229,3.99,0.913,5.66,2.29,-0.0247,Calm,Happy
4.34,0.231,3.95,0.91,5.71,1.99,-0.0251,Calm,Happy
4.33,0.231,4,0.924,5.69,1.98,-0.029,Calm,Happy
4.26,0.235,3.9,0.914,5.65,2.02,-0.0381,Calm,Happy
4.04,0.247,3.87,0.957,5.64,2.11,-0.0495,Calm,Happy
3.72,0.269,3.86,1.04,5.66,2.04,-0.064,Calm,Happy
3.58,0.28,3.48,0.974,5.71,2.12,-0.0686,Calm,Happy
3.56,0.281,6,1.68,6.15,3.68,-0.0685,Calm,Happy
6.87,0.145,8.03,1.17,8.92,4.28,-0.00287,Calm,Happy
8.71,0.115,8.16,0.937,10.4,4.28,-0.000865,Calm,Happy
9.27,0.108,8.17,0.881,11,4.26,-0.000815,Calm,Happy
9.41,0.106,8.17,0.868,11.1,4.26,-0.000906,Calm,Happy
9.44,0.106,8.17,0.866,11.1,4.25,-0.000897,Calm,Happy
9.46,0.106,8.17,0.864,11.1,4.27,-0.00091,Calm,Happy
9.47,0.106,8.17,0.863,11.2,4.3,-0.000921,Calm,Happy
9.48,0.105,8.17,0.862,11.2,4.3,-0.000882,Calm,Happy
9.49,0.105,8.17,0.861,11.2,4.3,-0.000845,Calm,Happy
9.5,0.105,8.17,0.861,11.2,4.26,-0.000835,Calm,Happy
9.5,0.105,7.58,0.799,11.2,2.39,-0.000823,Calm,Happy
9.36,0.107,5.55,0.593,11.1,2.36,-0.00091,Calm,Happy
8.75,0.114,3.97,0.454,10.6,2.38,-0.001,Calm,Happy
7.5,0.133,3.72,0.496,9.8,2.43,-0.00058,Calm,Happy
6.96,0.144,3.7,0.532,9.38,2.49,-0.000426,Calm,Happy
6.63,0.151,3.73,0.562,9.18,2.46,0.000694,Calm,Happy
6.3,0.159,3.25,0.516,9,2.28,0.00271,Calm,Happy
5.99,0.167,3.06,0.511,8.66,2.08,0.00521,Calm,Happy
5.34,0.187,3.11,0.582,7.93,1.92,0.00809,Calm,Happy
4.67,0.214,3.15,0.675,7.1,1.98,0.0124,Calm,Happy
4.18,0.239,3.22,0.771,6.49,2.04,0.0161,Calm,Happy
3.87,0.258,3.22,0.831,6.04,1.98,0.0138,Calm,Happy
3.37,0.297,3.24,0.961,5.51,1.92,0.0124,Calm,Happy
3.14,0.319,3.11,0.993,4.87,1.87,0.00982,Calm,Happy
3.08,0.325,3.06,0.994,4.45,1.83,0.00483,Calm,Happy
3.12,0.32,3.05,0.976,4.12,1.87,0.00509,Calm,Happy
3.11,0.321,3.06,0.982,3.83,1.93,0.00739,Calm,Happy
3.13,0.32,2.99,0.956,3.54,1.87,0.00185,Calm,Happy
3.19,0.314,2.88,0.905,3.41,1.85,-0.00513,Calm,Happy
3.11,0.321,2.85,0.915,3.41,1.8,-0.0187,Calm,Happy
3.07,0.326,2.59,0.845,3.09,1.76,-0.0222,Calm,Happy
3.04,0.329,2.56,0.843,2.96,1.81,-0.0121,Calm,Happy
2.94,0.341,2.61,0.888,3.19,1.8,0.00181,Calm,Happy
3,0.333,2.62,0.873,3.16,1.86,0.00699,Calm,Happy
2.74,0.365,2.62,0.954,3.26,1.4,-0.0649,Calm,Calm
3.05,0.328,2.72,0.892,3.38,1.36,-0.0638,Calm,Calm
3.14,0.319,2.78,0.885,3.4,1.43,-0.0466,Calm,Calm
3.12,0.32,3.11,0.997,3.35,1.54,-0.0476,Calm,Calm
3.14,0.319,3.12,0.994,3.3,1.33,-0.0517,Calm,Calm
3.22,0.31,3.09,0.959,3.18,1.32,-0.0336,Calm,Calm
3.32,0.302,3,0.905,2.99,1.53,-0.0228,Calm,Calm
3.32,0.302,3.06,0.922,3.12,1.58,-0.0258,Calm,Calm
3.25,0.308,3.06,0.942,3.37,1.55,-0.0253,Calm,Calm
3.26,0.307,3.06,0.941,3.48,1.56,-0.0212,Calm,Calm
3.34,0.299,2.98,0.893,3.45,1.56,-0.00565,Calm,Calm
3.25,0.308,2.97,0.913,3.46,1.62,0.0178,Calm,Calm
3.06,0.326,2.94,0.96,3.53,1.59,0.0333,Calm,Calm
3.03,0.33,2.88,0.952,3.54,1.44,0.0297,Calm,Calm
3.03,0.331,2.77,0.917,3.52,1.5,0.0358,Calm,Calm
3.01,0.332,2.86,0.952,3.46,1.58,0.0337,Calm,Calm
2.88,0.347,2.95,1.02,3.44,1.7,0.0133,Calm,Calm
2.66,0.376,2.99,1.12,3.46,1.63,0.0175,Calm,Calm
2.61,0.383,2.95,1.13,3.38,1.64,0.0295,Calm,Calm
2.71,0.369,2.9,1.07,3.11,1.7,0.0215,Calm,Calm
2.79,0.359,3.04,1.09,3.12,1.69,-0.00367,Calm,Calm
2.71,0.368,3.04,1.12,3.14,1.65,-0.0131,Calm,Calm
2.64,0.379,3.08,1.17,3.22,1.67,-0.0119,Calm,Calm
2.7,0.37,3.13,1.16,3.73,1.91,-0.0279,Calm,Calm
3.2,0.312,3.93,1.23,4.39,1.95,-0.0392,Calm,Calm
4.58,0.218,3.93,0.858,6.38,1.91,-0.0147,Calm,Calm
5.25,0.19,3.92,0.748,7.58,1.93,-0.00983,Calm,Calm
5.45,0.184,3.96,0.728,7.99,1.82,-0.00887,Calm,Calm
5.49,0.182,3.95,0.72,8.1,1.84,-0.00849,Calm,Calm
5.51,0.181,3.94,0.716,8.16,1.83,-0.00822,Calm,Calm
5.52,0.181,3.94,0.713,8.2,1.84,-0.00843,Calm,Calm
5.51,0.181,3.9,0.707,8.22,1.98,-0.00871,Calm,Calm
5.5,0.182,3.89,0.707,8.23,2.05,-0.00896,Calm,Calm
5.5,0.182,4.02,0.73,8.23,2.14,-0.00898,Calm,Calm
5.51,0.182,3.88,0.704,8.23,2.04,-0.00837,Calm,Calm
5.41,0.185,3.41,0.629,8.17,2.15,-0.00754,Calm,Calm
5.02,0.199,3.33,0.663,7.83,2.13,-0.0085,Calm,Calm
4.12,0.243,3.33,0.807,7.21,2.07,-0.013,Calm,Calm
3.53,0.283,3.3,0.935,6.75,2.11,-0.00936,Calm,Calm
3.42,0.292,3.28,0.958,6.26,2.19,-0.0101,Calm,Calm
3.15,0.317,3.27,1.04,5.59,2.18,-0.00148,Calm,Calm
3.14,0.319,3.32,1.06,5.2,2.2,0.0173,Calm,Calm
3.28,0.305,3.49,1.07,5.04,2.09,0.0227,Calm,Calm
3.38,0.296,3.44,1.02,4.7,2.06,0.023,Calm,Calm
3.37,0.296,3.28,0.973,4.42,1.97,0.026,Calm,Calm
3.22,0.31,3.27,1.02,4.19,1.92,0.0327,Calm,Calm
3.09,0.323,3.19,1.03,3.97,1.82,0.0433,Calm,Calm
3.08,0.325,3.13,1.02,3.78,1.97,0.0433,Calm,Calm
3.02,0.332,3.12,1.04,3.48,2.05,0.0464,Calm,Calm
2.85,0.351,3.11,1.09,3.21,2.07,0.0495,Calm,Calm
2.87,0.348,3.3,1.15,3.21,2.16,0.0343,Calm,Calm
2.88,0.347,3.45,1.2,3.4,2.19,0.0206,Calm,Calm
2.76,0.362,3.3,1.2,3.51,2.13,0.00516,Calm,Calm
2.5,0.4,3.22,1.29,3.39,2.16,-0.0181,Calm,Calm
2.31,0.432,3.17,1.37,3.24,2.11,-0.0603,Calm,Calm
2.25,0.445,3.06,1.36,3.28,2.11,-0.107,Calm,Calm
2.17,0.461,3.03,1.4,3.31,2.11,-0.153,Calm,Calm
2.06,0.484,3.03,1.47,3.36,2.02,-0.179,Calm,Calm
2.08,0.481,3.02,1.45,3.44,1.86,-0.147,Calm,Calm
2.12,0.472,3.16,1.49,3.5,1.84,-0.131,Calm,Calm
1.93,0.518,3.12,1.62,3.53,1.49,-0.156,Calm,Calm
1.84,0.544,2.79,1.52,3.46,1.44,-0.14,Calm,Calm
2.12,0.472,2.58,1.22,3.31,1.3,-0.0749,Calm,Calm
2.44,0.41,2.57,1.05,3.23,1.31,-0.0608,Calm,Calm
2.58,0.387,2.68,1.04,3.28,1.29,-0.0504,Calm,Calm
2.64,0.378,2.63,0.994,3.31,1.36,-0.0216,Calm,Calm
2.63,0.38,2.89,1.1,3.44,1.39,-0.0076,Calm,Calm
2.73,0.366,2.95,1.08,3.83,1.57,-0.0174,Calm,Calm
3.04,0.329,3.15,1.04,3.93,1.72,-0.0412,Calm,Calm
3.25,0.307,3.28,1.01,3.87,1.73,-0.0548,Calm,Calm
3.28,0.305,3.31,1.01,3.98,1.81,-0.0537,Calm,Calm
3.44,0.29,3.34,0.969,4.08,1.83,-0.0383,Calm,Calm
3.65,0.274,3.39,0.928,4.06,1.78,-0.0328,Calm,Calm
3.69,0.271,3.36,0.912,4.14,1.69,-0.0349,Calm,Calm
3.62,0.276,3.34,0.924,4.3,1.7,-0.0358,Calm,Calm
3.59,0.279,3.41,0.951,4.35,2.79,-0.04,Calm,Calm
3.61,0.277,3.62,1,4.33,2.89,-0.0469,Calm,Calm
3.65,0.274,3.75,1.03,4.19,2.91,-0.046,Calm,Calm
3.56,0.281,3.63,1.02,4.04,2.85,-0.0407,Calm,Calm
3.41,0.293,3.63,1.06,4.16,2.86,-0.0307,Calm,Calm
3.37,0.297,3.46,1.03,4.26,2.87,-0.027,Calm,Calm
3.36,0.298,3.48,1.03,4.17,2.87,-0.0376,Calm,Calm
3.13,0.32,3.49,1.12,4.14,2.87,-0.0499,Calm,Calm
2.67,0.374,3.46,1.29,4.14,2.88,-0.0714,Calm,Calm
2.66,0.376,3.46,1.3,4.09,2.92,-0.0586,Calm,Calm
2.76,0.362,3.57,1.29,4,2.92,-0.0556,Calm,Calm
2.78,0.36,3.32,1.2,3.95,2,-0.0516,Calm,Calm
2.72,0.368,3.11,1.15,4.12,2.06,-0.0497,Calm,Calm
2.74,0.365,3.04,1.11,4.37,2.14,-0.0664,Calm,Calm
2.91,0.344,3.06,1.05,4.65,2.15,-0.0815,Calm,Calm
3.03,0.33,3.12,1.03,4.87,2.6,-0.0726,Calm,Calm
3.01,0.333,3.26,1.08,5.05,2.66,-0.0498,Calm,Calm
2.96,0.338,3.42,1.15,5.2,2.77,-0.0424,Calm,Calm
2.97,0.337,3.48,1.17,5.24,2.94,-0.0372,Calm,Calm
3.04,0.329,3.59,1.18,5.28,3.01,-0.0459,Calm,Calm
3.34,0.299,3.55,1.06,5.34,3.03,-0.0434,Calm,Calm
3.54,0.282,3.49,0.983,5.38,3.08,-0.0329,Calm,Calm
3.59,0.278,3.51,0.976,5.38,3.06,-0.0308,Calm,Calm
3.57,0.28,3.51,0.982,5.31,3.01,-0.0309,Calm,Calm
3.52,0.284,3.49,0.992,5.18,2.97,-0.0252,Calm,Calm
3.5,0.286,3.53,1.01,4.94,2.96,-0.015,Calm,Calm
3.55,0.282,3.43,0.967,4.6,2.69,-0.00971,Calm,Calm
3.64,0.275,3.36,0.922,4.25,2.65,-0.00985,Calm,Calm
3.69,0.271,3.11,0.842,4.13,2.65,-0.0122,Calm,Calm
3.68,0.272,3.01,0.819,4.14,2.42,-0.0119,Calm,Calm
3.51,0.285,2.92,0.832,3.84,2.36,0.000566,Calm,Calm
2.96,0.338,2.87,0.969,3.41,1.87,0.0781,Calm,Happy
2.85,0.351,2.81,0.988,3.7,1.84,0.117,Calm,Happy
2.8,0.357,2.87,1.03,3.97,1.75,0.105,Calm,Happy
2.74,0.364,2.8,1.02,4.17,1.69,0.0447,Calm,Happy
2.71,0.369,2.75,1.02,4.21,1.8,-0.0051,Calm,Happy
2.65,0.378,2.87,1.09,4.22,1.8,-0.013,Calm,Happy
2.68,0.373,2.91,1.09,4.38,1.85,-0.0102,Calm,Happy
2.7,0.371,2.99,1.11,4.56,1.87,-0.00938,Calm,Happy
2.68,0.373,3.01,1.12,4.6,1.9,-0.012,Calm,Happy
2.72,0.367,3.31,1.22,4.6,1.96,-0.0309,Calm,Happy
2.82,0.355,3.28,1.17,4.58,2.06,-0.0464,Calm,Happy
2.96,0.338,3.28,1.11,4.49,2.03,-0.056,Calm,Happy
2.97,0.337,3.29,1.11,4.34,1.98,-0.06,Calm,Happy
2.87,0.348,3.31,1.15,4.2,2,-0.0594,Calm,Happy
2.73,0.367,3.29,1.21,4.16,1.96,-0.0472,Calm,Happy
2.62,0.382,3.36,1.28,4.2,1.99,-0.054,Calm,Happy
2.58,0.387,3.28,1.27,4.27,2.02,-0.0689,Calm,Happy
2.51,0.398,3.43,1.36,4.25,2.01,-0.0857,Calm,Happy
2.55,0.392,3.61,1.41,4.25,2.06,-0.0741,Calm,Happy
2.81,0.356,3.57,1.27,4.35,2.02,-0.0337,Calm,Happy
3.04,0.329,3.52,1.16,4.33,1.99,-0.016,Calm,Happy
2.97,0.337,3.55,1.19,4.36,1.85,-0.0166,Calm,Happy
2.77,0.361,3.52,1.27,4.56,1.81,-0.00862,Calm,Happy
2.66,0.376,3.49,1.31,4.75,1.79,0.00574,Calm,Happy
2.66,0.376,3.44,1.29,4.82,1.96,0.0143,Calm,Happy
2.66,0.376,3.44,1.29,4.84,2.07,0.0104,Calm,Happy
2.75,0.363,3.42,1.24,4.77,2.05,0.00191,Calm,Happy
2.91,0.344,3.46,1.19,4.62,2.11,0.000126,Calm,Happy
3.02,0.331,3.09,1.02,4.55,2.26,-0.00551,Calm,Happy
3,0.334,3.01,1,4.54,2.26,-0.019,Calm,Happy
2.72,0.368,2.83,1.04,4.5,2.35,-0.045,Calm,Happy
2.44,0.41,2.95,1.21,4.52,2.47,-0.0601,Calm,Happy
2.41,0.414,2.99,1.24,4.63,2.53,-0.045,Calm,Happy
2.41,0.416,3.01,1.25,4.72,2.61,-0.0368,Calm,Happy
2.39,0.418,2.99,1.25,4.69,2.64,-0.0202,Calm,Happy
2.4,0.417,3.03,1.27,4.63,2.58,-0.0362,Calm,Happy
2.54,0.394,3.13,1.24,4.66,2.49,-0.0441,Calm,Happy
2.57,0.39,3.17,1.23,4.74,2.69,-0.0607,Calm,Happy
2.42,0.413,3.07,1.27,4.74,2.62,-0.0842,Calm,Happy
2.32,0.432,3.12,1.35,4.68,2.54,-0.0593,Calm,Happy
2.58,0.388,3.07,1.19,4.63,2.55,-0.0161,Calm,Happy
2.88,0.347,3.09,1.07,4.67,2.54,-0.0206,Calm,Happy
2.93,0.342,3.25,1.11,4.64,2.5,-0.0311,Calm,Happy
2.94,0.34,3.28,1.11,4.4,2.45,-0.0278,Calm,Happy
2.95,0.339,3.29,1.12,4.04,2.47,-0.0258,Calm,Happy
2.98,0.336,3.33,1.12,3.9,2.41,-0.0237,Calm,Happy
3.08,0.325,3.24,1.05,3.91,2.42,-0.024,Calm,Happy
3.04,0.329,3.34,1.1,3.8,2.34,-0.0239,Calm,Happy
3,0.333,3.32,1.11,3.67,2.22,-0.0214,Calm,Happy
3.04,0.329,3.39,1.11,3.67,2.29,-0.0179,Calm,Happy
3.1,0.323,3.45,1.11,3.7,2.24,-0.0297,Calm,Happy
3.16,0.316,3.49,1.1,3.71,2.28,-0.0511,Calm,Happy
3.29,0.304,3.29,1,3.86,2.16,-0.0564,Calm,Happy
3.37,0.297,3.16,0.936,3.94,2.06,-0.0542,Calm,Happy
3.4,0.294,3.16,0.929,4.03,2.07,-0.0609,Calm,Happy
3.39,0.295,3.07,0.904,3.98,1.95,-0.0679,Calm,Happy
3.36,0.298,3.23,0.962,4.06,1.97,-0.0718,Calm,Happy
3.34,0.3,3.29,0.987,4.44,2.02,-0.0668,Calm,Happy
3.38,0.296,3.37,0.996,4.67,1.96,-0.0606,Calm,Happy
3.37,0.297,3.27,0.969,4.69,1.93,-0.0602,Calm,Happy
3.4,0.294,3.19,0.939,4.69,1.88,-0.0646,Calm,Happy
3.31,0.302,3.14,0.95,4.71,1.78,-0.0713,Calm,Happy
3.1,0.323,3.19,1.03,4.68,1.75,-0.0726,Calm,Happy
2.85,0.35,3.24,1.14,4.63,1.76,-0.0721,Calm,Happy
2.65,0.378,3.28,1.24,4.61,1.83,-0.0587,Calm,Happy
2.65,0.377,3.28,1.24,4.6,1.83,-0.0459,Calm,Happy
2.7,0.37,3.26,1.21,4.63,2.07,-0.0439,Calm,Happy
2.73,0.366,3.25,1.19,4.46,2.05,-0.0451,Calm,Happy
2.49,0.401,3.18,1.28,4.02,1.97,-0.043,Calm,Happy
2.56,0.391,3.22,1.26,3.89,2,-0.0554,Calm,Happy
2.82,0.354,3.3,1.17,4.06,1.98,-0.0647,Calm,Happy
2.74,0.365,3.34,1.22,4.09,1.91,-0.0684,Calm,Happy
2.69,0.372,3.28,1.22,4,1.93,-0.0738,Calm,Happy
2.76,0.363,3.2,1.16,3.96,1.99,-0.083,Calm,Happy
2.79,0.358,3.1,1.11,3.94,1.93,-0.083,Calm,Happy
2.88,0.347,3.12,1.08,3.93,1.94,-0.0818,Calm,Happy
2.92,0.343,3.12,1.07,3.92,1.89,-0.0842,Calm,Happy
2.85,0.35,3.35,1.18,3.87,1.85,-0.0873,Calm,Happy
2.87,0.349,3.31,1.15,3.79,1.89,-0.102,Calm,Happy
2.99,0.334,3.12,1.04,3.74,2.04,-0.0932,Calm,Happy
2.88,0.347,3.21,1.11,3.69,2.04,-0.0886,Calm,Happy
2.68,0.374,3.22,1.2,3.59,2.01,-0.109,Calm,Happy
2.69,0.371,3.2,1.19,3.64,1.99,-0.0902,Calm,Happy
2.62,0.382,3.23,1.24,3.76,2,-0.0495,Calm,Happy
2.6,0.385,3.33,1.28,3.67,2.07,-0.0101,Calm,Happy
2.54,0.393,3.31,1.3,3.63,2.02,-0.00204,Calm,Happy
2.39,0.418,3.29,1.37,3.68,2.01,-0.00838,Calm,Happy
2.44,0.409,3.4,1.39,3.71,2.1,-0.0292,Calm,Happy
2.56,0.391,3.12,1.22,3.69,1.82,-0.02,Calm,Happy
2.57,0.39,3.11,1.21,3.66,1.9,0.00551,Calm,Happy
2.38,0.421,3.19,1.34,3.5,1.82,0.02,Calm,Happy
2.6,0.385,3.07,1.18,3.63,1.93,0.00547,Calm,Happy
2.95,0.339,3.04,1.03,3.91,1.96,0.00851,Calm,Happy
3.01,0.332,3.1,1.03,4.02,2.06,0.0117,Calm,Happy
3.01,0.332,3.02,1,4.1,2.01,-0.0053,Calm,Happy
3.09,0.324,2.97,0.963,4.18,1.95,-0.0205,Calm,Happy
3.15,0.317,3.1,0.984,4.21,2.01,-0.0187,Calm,Happy
3.16,0.316,3.22,1.02,4.21,1.96,-0.0153,Calm,Happy
3.23,0.31,3.15,0.976,4.28,2.08,-0.0131,Calm,Happy
3.22,0.31,3.22,0.998,4.33,2.15,-0.0129,Calm,Happy
3.15,0.318,3.37,1.07,4.4,2.09,-0.0216,Calm,Happy
3.17,0.315,3.24,1.02,4.42,2.03,-0.0231,Calm,Happy
2.99,0.334,3.26,1.09,4.26,2.05,-0.023,Calm,Happy
3.02,0.331,3.38,1.12,4.08,2.12,-0.0387,Calm,Happy
3.5,0.286,3.4,0.973,4,2.13,-0.0281,Calm,Happy
3.68,0.271,3.65,0.992,4.18,2.22,-0.0176,Calm,Happy
3.04,0.329,2.2,0.724,5.39,1.98,-0.00543,Happy,Happy
3.46,0.289,2.4,0.694,5.66,1.95,-0.00792,Happy,Happy
3.64,0.275,2.62,0.719,5.79,1.89,-0.0113,Happy,Happy
3.66,0.273,2.66,0.726,5.86,1.97,-0.0126,Happy,Happy
3.71,0.27,2.86,0.771,5.92,2.01,-0.00549,Happy,Happy
3.91,0.255,2.92,0.747,6.03,2.01,0.00213,Happy,Happy
4.08,0.245,2.97,0.727,6.1,1.95,0.00149,Happy,Happy
4.16,0.24,3.08,0.739,6.12,1.9,0.00156,Happy,Happy
4.22,0.237,3.05,0.723,6.12,1.87,0.00333,Happy,Happy
4.25,0.235,3.2,0.751,6.04,1.79,0.00458,Happy,Happy
4.21,0.237,3.47,0.825,5.76,1.83,0.00399,Happy,Happy
4.04,0.247,3.46,0.855,5.39,1.82,0.00361,Happy,Happy
3.76,0.266,3.39,0.903,5.21,1.84,0.00958,Happy,Happy
3.64,0.275,3.35,0.922,5.09,1.85,0.0175,Happy,Happy
3.66,0.273,3.32,0.908,5.07,1.83,0.0173,Happy,Happy
3.59,0.279,3.21,0.894,5,1.91,0.0161,Happy,Happy
3.3,0.303,3.19,0.967,4.65,1.87,0.0166,Happy,Happy
2.97,0.337,3.11,1.05,4.33,1.84,0.0123,Happy,Happy
2.8,0.357,3.08,1.1,4.3,1.84,0.0101,Happy,Happy
2.57,0.388,3.1,1.21,4.38,1.83,-0.0116,Happy,Happy
2.53,0.396,2.79,1.11,4.37,1.82,-0.0434,Happy,Happy
2.67,0.375,2.84,1.06,4.31,1.81,-0.0594,Happy,Happy
2.79,0.359,2.92,1.05,4.18,1.85,-0.0587,Happy,Happy
2.86,0.349,3.02,1.06,4.06,1.82,-0.0554,Happy,Happy
2.84,0.352,3.07,1.08,3.99,1.91,-0.0584,Happy,Happy
2.75,0.363,3.09,1.12,3.79,1.66,-0.0646,Happy,Happy
2.73,0.367,3.17,1.16,3.67,1.59,-0.0684,Happy,Happy
2.6,0.384,3.19,1.23,3.72,1.65,-0.0691,Happy,Happy
2.51,0.398,3.19,1.27,3.77,1.7,-0.0578,Happy,Happy
2.58,0.388,3.13,1.21,3.66,1.84,-0.051,Happy,Happy
2.54,0.394,3.1,1.22,3.7,1.9,-0.0517,Happy,Happy
2.31,0.432,3.02,1.3,3.87,2.03,-0.0396,Happy,Happy
2.25,0.444,3.05,1.35,3.94,2.02,-0.0242,Happy,Happy
2.34,0.427,3.08,1.32,4.21,2.13,-0.00472,Happy,Happy
2.75,0.364,3.03,1.1,4.69,2.28,0.0329,Happy,Happy
2.98,0.336,3.03,1.02,4.88,2.28,0.0457,Happy,Happy
2.98,0.335,3,1.01,4.86,2.31,0.0448,Happy,Happy
3,0.333,2.91,0.969,4.84,2.3,0.0359,Happy,Happy
3,0.333,3.06,1.02,4.82,2.41,0.0371,Happy,Happy
2.96,0.338,3.19,1.08,4.85,2.48,0.0448,Happy,Happy
2.98,0.335,3.22,1.08,4.9,2.4,0.0545,Happy,Happy
3.04,0.329,3.29,1.08,4.87,2.32,0.0589,Happy,Happy
3.06,0.327,3.1,1.01,4.78,2.27,0.0624,Happy,Happy
3.02,0.331,2.92,0.967,4.67,2.2,0.0699,Happy,Happy
2.87,0.349,2.86,0.997,4.38,2.11,0.0891,Happy,Happy
2.74,0.365,2.86,1.04,4.01,2.13,0.0761,Happy,Happy
2.85,0.351,3.05,1.07,3.96,2.19,0.0443,Happy,Happy
2.88,0.347,3.08,1.07,3.94,2.28,0.0474,Happy,Happy
2.91,0.344,3.11,1.07,3.91,2.24,0.0542,Happy,Happy
2.96,0.338,2.88,0.974,3.91,2.04,0.056,Happy,Happy
2.93,0.341,2.93,1,3.77,2.01,0.0536,Happy,Happy
2.84,0.353,2.92,1.03,3.6,2.1,0.0515,Happy,Happy
2.77,0.361,2.85,1.03,3.51,2.16,0.0471,Happy,Happy
2.73,0.366,2.95,1.08,3.45,2.34,0.0478,Happy,Happy
2.68,0.373,2.92,1.09,3.5,2.32,0.0527,Happy,Happy
2.45,0.408,2.95,1.2,3.42,2.45,0.0599,Happy,Happy
2.11,0.473,2.87,1.36,3.19,2.35,0.0488,Happy,Happy
1.93,0.518,2.7,1.4,2.94,2.32,0.0127,Happy,Happy
1.94,0.517,2.94,1.52,3.19,2.26,0.0229,Happy,Happy
1.86,0.538,2.92,1.57,3.66,2.26,-0.00872,Happy,Happy
2.03,0.493,2.87,1.42,3.87,2.33,-0.0454,Happy,Happy
2.18,0.46,3.3,1.52,3.92,2.43,-0.0283,Happy,Happy
2.18,0.459,3.37,1.55,3.93,2.38,-0.048,Happy,Happy
2.47,0.405,3.37,1.36,3.92,2.24,-0.0751,Happy,Happy
2.7,0.37,3.38,1.25,3.9,2.2,-0.0614,Happy,Happy
2.78,0.359,3.37,1.21,3.82,2.16,-0.0567,Happy,Happy
2.84,0.352,3.41,1.2,3.74,1.94,-0.0501,Happy,Happy
2.89,0.346,3.44,1.19,3.77,1.95,-0.0372,Happy,Happy
3.09,0.323,3.46,1.12,3.78,1.94,-0.0273,Happy,Happy
3.38,0.296,3.39,1,3.61,1.96,-0.0216,Happy,Happy
3.48,0.288,3.53,1.02,3.35,1.9,-0.0221,Happy,Happy
3.42,0.292,3.51,1.03,3.22,1.62,-0.0274,Happy,Happy
3.45,0.29,3.31,0.957,3.13,1.66,-0.0317,Happy,Happy
3.51,0.285,3.37,0.962,3.25,1.71,-0.0362,Happy,Happy
3.61,0.277,3.4,0.942,3.48,1.87,-0.0438,Happy,Happy
3.72,0.269,3.38,0.908,3.66,1.84,-0.0463,Happy,Happy
3.79,0.264,3.36,0.887,3.84,1.8,-0.0494,Happy,Happy
3.86,0.259,3.33,0.863,3.84,1.81,-0.0548,Happy,Happy
3.94,0.254,3.28,0.831,3.9,1.76,-0.0581,Happy,Happy
3.94,0.254,3.13,0.796,3.96,1.77,-0.0634,Happy,Happy
3.84,0.26,3.09,0.804,3.88,1.83,-0.0703,Happy,Happy
3.82,0.262,3.02,0.791,3.91,1.82,-0.0725,Happy,Happy
3.83,0.261,2.94,0.768,4.08,1.94,-0.0762,Happy,Happy
3.83,0.261,3.12,0.813,4.29,1.9,-0.0751,Happy,Happy
3.82,0.262,2.94,0.77,4.43,1.81,-0.0593,Happy,Happy
3.7,0.27,2.99,0.808,4.46,1.7,-0.0525,Happy,Happy
3.66,0.273,3.03,0.828,4.41,1.72,-0.047,Happy,Happy
3.73,0.268,3.01,0.808,4.34,1.81,-0.0378,Happy,Happy
3.74,0.267,2.98,0.796,4.33,1.82,-0.0314,Happy,Happy
3.61,0.277,3.04,0.843,4.23,1.84,-0.0336,Happy,Happy
3.48,0.287,3.07,0.882,4.22,1.81,-0.0409,Happy,Happy
3.46,0.289,3.03,0.877,4.27,1.75,-0.0436,Happy,Happy
3.45,0.29,2.9,0.84,4.24,1.83,-0.0421,Happy,Happy
3.43,0.291,2.96,0.862,4.09,1.73,-0.0395,Happy,Happy
3.31,0.302,2.94,0.889,3.96,1.73,-0.0453,Happy,Happy
3.25,0.307,2.94,0.905,3.74,1.77,-0.0634,Happy,Happy
3.38,0.296,2.93,0.868,3.54,1.65,-0.0605,Happy,Happy
3.25,0.308,2.97,0.915,3.64,1.58,-0.0652,Happy,Happy
2.93,0.341,3.05,1.04,3.72,1.55,-0.0803,Happy,Happy
2.9,0.345,3.04,1.05,3.77,1.56,-0.0773,Happy,Happy
3,0.333,3.01,1,3.74,1.59,-0.0557,Happy,Happy
3.04,0.329,3.08,1.01,3.64,1.58,-0.0494,Happy,Happy
3.13,0.32,3.22,1.03,3.54,1.57,-0.0454,Happy,Happy
3.5,0.286,3.33,0.952,3.46,1.45,-0.0383,Happy,Happy
3.87,0.259,3.21,0.829,3.45,1.45,-0.0372,Happy,Happy
4.08,0.245,3.16,0.773,3.67,1.43,-0.0386,Happy,Happy
2.95,0.339,3.3,1.12,3.5,1.71,-0.0904,Happy,Happy
2.92,0.342,3.29,1.13,3.39,1.63,-0.0752,Happy,Happy
2.82,0.355,3.32,1.18,3.21,1.5,-0.0676,Happy,Happy
2.8,0.358,3.63,1.3,3.26,1.72,-0.0589,Happy,Happy
2.92,0.342,3.66,1.25,3.28,1.75,-0.0372,Happy,Happy
3.25,0.308,3.74,1.15,3.28,1.81,-0.0232,Happy,Happy
3.36,0.298,3.73,1.11,3.88,1.83,-0.0224,Happy,Happy
3.34,0.3,3.68,1.1,4.37,2.04,-0.0199,Happy,Happy
3.29,0.304,3.6,1.1,4.53,2.17,-0.0192,Happy,Happy
3.18,0.315,3.37,1.06,4.56,2.24,-0.0139,Happy,Happy
3.07,0.325,3.52,1.14,4.56,2.27,0.00589,Happy,Happy
3.15,0.318,3.51,1.11,4.57,2.28,0.0222,Happy,Happy
3.19,0.313,3.65,1.14,4.58,2.33,0.0206,Happy,Happy
3.2,0.313,3.59,1.12,4.58,2.37,0.0231,Happy,Happy
3.16,0.317,3.38,1.07,4.55,2.31,0.0198,Happy,Happy
2.81,0.355,3.5,1.24,4.53,2.37,0.032,Happy,Happy
2.36,0.424,3.55,1.51,4.43,2.37,0.0797,Happy,Happy
2.67,0.375,3.58,1.34,3.98,2.35,0.0695,Happy,Happy
2.87,0.349,3.59,1.25,3.53,2.22,0.0545,Happy,Happy
2.84,0.352,3.58,1.26,3.58,2.19,0.0469,Happy,Happy
2.83,0.353,3.48,1.23,3.63,2.28,0.0434,Happy,Happy
2.8,0.357,3.63,1.29,3.77,2.24,0.0333,Happy,Happy
2.67,0.374,3.67,1.38,3.98,2.51,0.025,Happy,Happy
2.64,0.378,3.53,1.34,4.19,2.54,0.0106,Happy,Happy
2.76,0.362,3.63,1.32,4.35,2.53,-0.00395,Happy,Happy
2.81,0.355,3.56,1.27,4.42,2.55,0.00169,Happy,Happy
2.91,0.344,3.43,1.18,4.56,2.49,0.0229,Happy,Happy
2.74,0.364,3.43,1.25,4.84,2.51,0.0357,Happy,Happy
2.39,0.419,3.38,1.42,4.96,2.52,0.024,Happy,Happy
2.36,0.425,3.38,1.43,4.93,2.52,-0.000086,Happy,Happy
2.4,0.417,3.46,1.44,4.89,2.5,-0.00825,Happy,Happy
2.5,0.4,3.46,1.38,4.91,2.42,-0.0139,Happy,Happy
2.65,0.377,3.25,1.23,4.9,2.37,-0.0149,Happy,Happy
2.74,0.365,3.22,1.17,4.81,2.09,-0.0148,Happy,Happy
2.75,0.364,3.01,1.1,4.69,2.01,-0.015,Happy,Happy
2.67,0.374,2.9,1.09,4.65,1.94,-0.0221,Happy,Happy
2.59,0.386,2.83,1.09,4.62,1.89,-0.0482,Happy,Happy
2.51,0.399,2.8,1.12,4.29,1.78,-0.0897,Happy,Happy
2.59,0.386,2.91,1.12,3.75,1.89,-0.104,Happy,Happy
2.55,0.392,2.96,1.16,3.85,1.89,-0.0964,Happy,Happy
2.47,0.404,3.04,1.23,4.36,1.78,-0.0871,Happy,Happy
2.75,0.364,2.71,0.985,4.58,1.66,-0.0494,Happy,Happy
3.11,0.322,2.61,0.84,4.67,1.76,-0.0232,Happy,Happy
3.22,0.31,2.65,0.821,4.77,1.73,-0.022,Happy,Happy
3.21,0.312,2.65,0.827,4.8,1.72,-0.0249,Happy,Happy
3.18,0.314,2.59,0.813,4.82,1.69,-0.0209,Happy,Happy
3.17,0.316,2.55,0.805,4.86,1.68,-0.0145,Happy,Happy
3.16,0.317,2.56,0.812,4.88,1.67,-0.0175,Happy,Happy
3.17,0.315,2.93,0.922,4.89,1.49,-0.0268,Happy,Happy
3.29,0.304,2.97,0.902,4.85,1.35,-0.0366,Happy,Happy
3.39,0.295,2.88,0.85,4.65,1.27,-0.0341,Happy,Happy
3.35,0.298,2.89,0.861,4.31,1.29,-0.0268,Happy,Happy
3.23,0.309,3.1,0.958,4.15,1.3,-0.0351,Happy,Happy
3.02,0.331,3.38,1.12,3.91,1.36,-0.0604,Happy,Happy
2.82,0.355,3.51,1.25,3.6,1.31,-0.0757,Happy,Happy
2.87,0.348,3.5,1.22,3.42,1.36,-0.0678,Happy,Happy
2.89,0.346,3.56,1.23,3.18,1.57,-0.068,Happy,Happy
2.9,0.345,3.57,1.23,2.74,1.55,-0.0694,Happy,Happy
2.89,0.346,3.51,1.21,2.7,1.69,-0.0701,Happy,Happy
2.76,0.363,3.36,1.22,3.1,1.69,-0.0635,Happy,Happy
2.49,0.401,3.3,1.32,3.36,1.68,-0.0471,Happy,Happy
2.37,0.422,3.4,1.43,3.45,1.82,-0.0861,Happy,Happy
2.55,0.392,3.41,1.34,3.44,1.86,-0.137,Happy,Happy
2.71,0.368,3.26,1.2,3.42,1.83,-0.124,Happy,Happy
2.87,0.348,2.93,1.02,3.41,1.82,-0.0999,Happy,Happy
2.88,0.347,2.81,0.975,3.49,1.84,-0.0927,Happy,Happy
2.84,0.353,3.05,1.07,3.64,1.78,-0.0961,Happy,Happy
3.03,0.33,3.11,1.03,3.68,1.71,-0.0578,Happy,Happy
3.24,0.309,3.3,1.02,3.63,1.77,-0.0372,Happy,Happy
3.3,0.303,3.33,1.01,3.51,1.64,-0.0292,Happy,Happy
3.33,0.3,3.34,1,3.27,1.66,-0.025,Happy,Happy
3.47,0.289,3.32,0.959,3.26,1.73,-0.0244,Happy,Happy
3.56,0.281,3.2,0.899,3.44,1.76,-0.0233,Happy,Happy
3.45,0.29,3.16,0.916,3.56,1.71,-0.0198,Happy,Happy
3.3,0.303,3.13,0.949,3.59,1.73,-0.0142,Happy,Happy
3.22,0.311,3.23,1,3.75,1.67,-0.0143,Happy,Happy
3.26,0.307,3.03,0.931,3.79,1.63,-0.0181,Happy,Happy
3.35,0.299,3.04,0.909,3.75,1.66,-0.02,Happy,Happy
3.29,0.304,2.66,0.809,3.8,1.77,-0.0267,Happy,Happy
3.14,0.318,2.83,0.901,3.84,1.7,-0.0359,Happy,Happy
3.16,0.317,3.5,1.11,3.86,1.68,-0.0389,Happy,Happy
3.21,0.312,3.71,1.16,3.83,1.71,-0.0419,Happy,Happy
3.13,0.32,3.81,1.22,3.66,1.51,-0.0306,Happy,Happy
3,0.333,4.01,1.34,3.52,1.49,-0.0135,Happy,Happy
3.01,0.332,4.16,1.38,3.68,1.58,-0.00591,Happy,Happy
3.12,0.321,4.18,1.34,3.76,1.51,0.000834,Happy,Happy
3.13,0.32,4.16,1.33,3.56,1.57,-0.00819,Happy,Happy
3.03,0.33,4.16,1.37,3.46,1.6,-0.0126,Happy,Happy
2.84,0.352,4.14,1.46,3.49,1.59,-0.0144,Happy,Happy
2.7,0.37,4.15,1.53,3.49,1.59,-0.0217,Happy,Happy
2.73,0.366,4.02,1.47,3.52,1.65,-0.0281,Happy,Happy
2.62,0.382,3.68,1.4,3.59,1.7,-0.0237,Happy,Happy
2.43,0.411,3.54,1.46,3.62,1.68,-0.0185,Happy,Happy
2.43,0.411,3.35,1.38,3.68,1.8,-0.0311,Happy,Happy
2.44,0.411,3.37,1.38,3.63,1.81,-0.0326,Happy,Happy
2.33,0.429,2.96,1.27,3.44,1.78,-0.0438,Happy,Happy
2.27,0.441,2.94,1.3,3.31,1.87,-0.0501,Happy,Happy
2.23,0.448,3.01,1.35,3.3,1.87,-0.0221,Happy,Happy
2.29,0.436,3.04,1.33,3.38,1.82,-0.00362,Happy,Happy
2.45,0.408,3.09,1.26,3.5,1.78,0.000694,Happy,Happy
2.44,0.41,3.15,1.29,3.62,1.8,0.0129,Happy,Happy
2.58,0.388,3.13,1.22,3.8,1.73,0.0176,Happy,Happy
2.6,0.384,3.23,1.24,3.82,1.8,0.0083,Happy,Happy
2.55,0.393,3.26,1.28,3.84,1.8,-0.0106,Happy,Happy
2.6,0.385,3.14,1.21,3.86,1.6,-0.0193,Happy,Happy
2.72,0.368,2.91,1.07,3.85,1.62,0.0121,Happy,Happy
2.75,0.364,2.94,1.07,4.01,1.71,0.0322,Happy,Happy
2.05,0.487,3.18,1.55,2.76,1.55,0.00826,Happy,Happy
2.29,0.437,3.16,1.38,3.06,1.56,-0.065,Happy,Happy
2.37,0.422,3.41,1.44,3.41,1.69,-0.0896,Happy,Happy
2.44,0.409,3.54,1.45,3.77,1.73,-0.0633,Happy,Happy
2.37,0.422,3.3,1.39,4.1,1.66,-0.0487,Happy,Happy
2.41,0.416,3.27,1.36,4.39,1.5,-0.043,Happy,Happy
2.53,0.395,3.23,1.28,4.52,1.52,-0.0576,Happy,Happy
2.58,0.388,3.28,1.27,4.57,1.51,-0.0808,Happy,Happy
2.63,0.38,3.3,1.26,4.68,1.55,-0.092,Happy,Happy
2.55,0.392,3.28,1.29,4.89,1.57,-0.111,Happy,Happy
2.55,0.391,3.31,1.3,5.11,1.62,-0.119,Happy,Happy
2.86,0.35,3.57,1.25,5.21,1.68,-0.0965,Happy,Happy
3.24,0.309,3.54,1.09,5.22,1.71,-0.0639,Happy,Happy
3.48,0.288,3.22,0.926,5.21,1.6,-0.0495,Happy,Happy
3.56,0.281,3.15,0.884,5.2,1.61,-0.0491,Happy,Happy
3.64,0.275,3.17,0.87,5.08,1.78,-0.0515,Happy,Happy
3.64,0.275,3.18,0.874,4.99,1.82,-0.0571,Happy,Happy
3.63,0.276,3.19,0.879,5.09,2,-0.0637,Happy,Happy
3.62,0.277,3.16,0.875,5.16,2.14,-0.055,Happy,Happy
3.67,0.273,3.37,0.917,5.2,2.78,-0.0372,Happy,Happy
4.2,0.238,4.52,1.08,5.84,2.88,-0.00994,Happy,Happy
5.15,0.194,4.48,0.87,7.36,2.86,-0.000667,Happy,Happy
5.68,0.176,4.43,0.781,8.18,2.98,0.00023,Happy,Happy
5.75,0.174,4.43,0.77,8.48,2.98,0.000579,Happy,Happy
5.78,0.173,4.44,0.768,8.59,3.01,0.000058,Happy,Happy
5.79,0.173,4.45,0.769,8.62,3,-0.000332,Happy,Happy
5.78,0.173,4.45,0.77,8.63,3.02,0.00013,Happy,Happy
5.78,0.173,4.48,0.774,8.64,3.09,0.000735,Happy,Happy
5.79,0.173,4.5,0.777,8.65,2.98,0.000826,Happy,Happy
5.79,0.173,4.57,0.789,8.65,3.02,0.000687,Happy,Happy
5.78,0.173,3.99,0.69,8.65,2.48,0.000048,Happy,Happy
5.59,0.179,3.2,0.571,8.53,2.48,-0.00153,Happy,Happy
4.81,0.208,3.25,0.675,8.01,2.39,-0.00539,Happy,Happy
3.98,0.251,3.18,0.798,7.18,2.21,-0.0182,Happy,Happy
3.39,0.295,3.22,0.949,6.58,2.3,-0.0346,Happy,Happy
2.96,0.338,3.32,1.12,6.08,2.21,-0.0376,Happy,Happy
3.01,0.332,3.34,1.11,5.53,2.17,-0.0244,Happy,Happy
3.31,0.302,3.38,1.02,5.22,2.14,-0.0133,Happy,Happy
3.56,0.281,3.27,0.918,4.87,2.18,-0.00716,Happy,Happy
3.68,0.272,3.21,0.873,4.49,2.08,-0.00489,Happy,Happy
3.71,0.269,3.08,0.829,4.44,2.14,-0.00849,Happy,Happy
3.72,0.269,3.26,0.879,4.59,2.2,-0.00739,Happy,Happy
3.84,0.261,3.65,0.952,5.18,2.61,0.000744,Happy,Happy
3.97,0.252,3.75,0.945,5.65,2.77,0.00755,Happy,Happy
3.98,0.251,3.79,0.952,5.79,3,0.00838,Happy,Happy
4.04,0.247,3.73,0.923,5.79,2.96,0.0107,Happy,Happy
4.07,0.246,3.76,0.924,5.79,2.99,0.0165,Happy,Happy
4.05,0.247,3.79,0.937,5.81,3.01,0.0193,Happy,Happy
4.02,0.249,3.81,0.946,5.88,2.91,0.0195,Happy,Happy
3.94,0.254,3.87,0.985,5.93,2.91,0.0205,Happy,Happy
3.83,0.261,3.87,1.01,5.93,2.9,0.0241,Happy,Happy
3.8,0.263,3.73,0.982,5.91,2.82,0.03,Happy,Happy
3.79,0.264,3.66,0.967,5.74,2.75,0.0319,Happy,Happy
3.55,0.282,3.24,0.913,5.33,2.47,0.0314,Happy,Happy
3.44,0.29,3.07,0.893,4.85,2.22,0.0302,Happy,Happy
3.38,0.296,3.05,0.903,4.64,1.96,0.0375,Happy,Happy
3.24,0.309,3.32,1.02,4.58,1.9,0.0399,Happy,Happy
3.34,0.3,3.31,0.992,4.54,1.99,0.0191,Happy,Happy
3.3,0.303,3.2,0.969,4.32,1.95,0.00542,Happy,Happy
2.99,0.334,3.16,1.06,3.78,2.03,0.00195,Happy,Happy
2.91,0.343,3.01,1.03,3.53,2.1,0.00161,Happy,Happy
3.04,0.329,3.09,1.02,3.51,2.13,-0.00458,Happy,Happy
3.05,0.328,3.11,1.02,3.4,2.11,-0.0141,Happy,Happy
3.02,0.331,3.25,1.08,3.36,1.93,-0.0292,Happy,Happy
3.12,0.321,3.36,1.08,3.37,1.9,-0.0361,Happy,Happy
3.26,0.307,3.33,1.02,3.33,1.92,-0.0292,Happy,Happy
3.34,0.3,3.29,0.985,3.3,1.76,-0.0261,Happy,Happy
3.24,0.309,3.04,0.939,3.56,1.78,-0.0274,Happy,Happy
2.98,0.336,2.96,0.994,3.76,1.56,-0.0253,Happy,Happy
2.8,0.357,2.9,1.03,3.72,1.63,-0.0247,Happy,Happy
2.8,0.358,2.92,1.05,3.58,1.57,-0.024,Happy,Happy
2.73,0.367,3.17,1.16,3.51,1.63,-0.0214,Happy,Happy
2.65,0.378,3.24,1.22,3.62,1.7,-0.0224,Happy,Happy
2.77,0.361,3.26,1.18,3.72,1.93,-0.0344,Happy,Happy
2.79,0.358,3.05,1.09,4.11,1.93,-0.0271,Happy,Happy
2.56,0.391,2.99,1.17,4.56,1.99,-0.0286,Happy,Happy
2.36,0.424,3.03,1.29,4.72,1.99,-0.0574,Happy,Happy
2.3,0.435,2.97,1.29,4.69,2.01,-0.0508,Happy,Happy
2.22,0.451,2.94,1.33,4.62,2.01,-0.0731,Happy,Happy
2.22,0.451,2.95,1.33,4.59,1.99,-0.108,Happy,Happy
2.25,0.445,3.04,1.35,4.61,1.95,-0.119,Happy,Happy
2.36,0.424,3.24,1.37,4.7,1.96,-0.116,Happy,Happy
2.82,0.355,2.86,1.01,4.77,1.86,-0.0497,Happy,Happy
3.07,0.326,2.79,0.911,4.78,1.7,-0.0212,Happy,Happy
3.02,0.331,2.81,0.931,4.7,1.58,-0.017,Happy,Happy
3.01,0.333,2.79,0.927,4.47,1.56,-0.0141,Happy,Happy
3,0.333,2.74,0.912,4.09,1.52,-0.00679,Happy,Happy
3,0.333,2.74,0.914,3.95,1.56,-0.00705,Happy,Happy
3.02,0.332,3.1,1.03,3.94,1.54,-0.00702,Happy,Happy
3.09,0.323,3.15,1.02,4,1.56,0.00113,Happy,Happy
3.2,0.312,3.17,0.989,4.08,1.58,0.0125,Happy,Happy
3.28,0.305,3,0.914,4.11,1.53,0.0205,Happy,Happy
3.18,0.315,2.83,0.892,4,1.44,0.0278,Happy,Happy
2.82,0.355,2.86,1.02,3.74,1.42,0.0405,Happy,Happy
2.56,0.391,2.87,1.12,3.58,1.52,0.0552,Happy,Happy
2.53,0.395,2.93,1.16,3.65,1.42,0.0548,Happy,Happy
2.55,0.393,2.94,1.16,3.78,1.51,0.0442,Happy,Happy
2.5,0.4,3.18,1.27,3.86,1.6,0.0395,Happy,Happy
2.44,0.41,3.05,1.25,3.9,1.56,0.0472,Happy,Happy
2.37,0.422,2.86,1.21,3.89,1.51,0.0397,Happy,Happy
2.13,0.469,2.85,1.34,3.77,1.45,0.0271,Happy,Happy
1.77,0.565,3.01,1.7,3.67,1.44,-0.0265,Happy,Happy
1.45,0.691,3,2.07,3.6,1.53,-0.213,Happy,Happy
1.54,0.649,2.98,1.93,3.55,1.57,-0.31,Happy,Happy
1.76,0.568,3.01,1.71,3.56,1.58,-0.271,Happy,Happy
1.79,0.559,3.03,1.69,3.52,1.53,-0.193,Happy,Happy
1.69,0.591,3.08,1.82,3.38,1.7,-0.196,Happy,Happy
2.53,0.395,2.88,1.14,3.43,1.85,0.0012,Sad,Sad
2.65,0.378,2.83,1.07,3.46,1.89,-0.0099,Sad,Sad
2.64,0.378,2.96,1.12,3.51,2.01,-0.0135,Sad,Sad
2.61,0.384,2.83,1.09,3.5,1.94,-0.0246,Sad,Sad
2.77,0.361,2.8,1.01,4.21,1.93,-0.0191,Sad,Sad
3.43,0.292,2.82,0.822,5.37,2.03,-0.0124,Sad,Sad
3.63,0.276,2.88,0.793,5.88,2.08,-0.00847,Sad,Sad
3.78,0.264,3.18,0.841,5.96,2.12,-0.00601,Sad,Sad
3.94,0.254,3.26,0.829,5.95,2.07,-0.00414,Sad,Sad
3.94,0.254,3.23,0.82,5.99,2.05,-0.00256,Sad,Sad
3.86,0.259,3.24,0.84,6.02,1.99,-0.00307,Sad,Sad
3.84,0.26,3.39,0.883,6.04,2.05,-0.00701,Sad,Sad
3.94,0.254,3.7,0.939,6.07,2.07,-0.0162,Sad,Sad
4.12,0.243,3.66,0.888,6.09,1.93,-0.0254,Sad,Sad
4.23,0.237,3.66,0.865,6.1,1.83,-0.0308,Sad,Sad
4.11,0.243,3.72,0.906,6,1.84,-0.0375,Sad,Sad
3.92,0.255,3.7,0.945,5.53,1.69,-0.0427,Sad,Sad
3.81,0.262,3.66,0.96,4.94,1.65,-0.048,Sad,Sad
3.65,0.274,3.43,0.94,4.81,1.52,-0.0582,Sad,Sad
3.54,0.283,3.4,0.962,4.73,1.58,-0.0693,Sad,Sad
3.56,0.281,3.42,0.963,4.57,1.72,-0.0737,Sad,Sad
3.57,0.28,3.36,0.94,4.47,1.73,-0.0731,Sad,Sad
3.53,0.283,3.06,0.865,4.42,1.69,-0.0687,Sad,Sad
3.33,0.3,3.1,0.929,4.26,1.62,-0.0607,Sad,Sad
3.14,0.318,3.05,0.972,4.18,1.62,-0.0248,Sad,Sad
3.17,0.316,2.92,0.923,4.23,1.69,0.00148,Sad,Sad
3.2,0.313,2.97,0.928,4.16,1.78,-0.000568,Sad,Sad
3.17,0.316,3.04,0.961,3.92,1.84,-0.0171,Sad,Sad
3.13,0.319,3.1,0.991,3.77,1.85,-0.0359,Sad,Sad
3.19,0.313,3.29,1.03,3.69,1.85,-0.0377,Sad,Sad
3.36,0.298,3.3,0.982,3.7,1.57,-0.0219,Sad,Sad
3.49,0.287,3.33,0.955,3.66,1.58,-0.012,Sad,Sad
3.58,0.279,3.4,0.949,3.63,1.62,-0.00918,Sad,Sad
3.62,0.276,3.25,0.899,3.56,1.64,-0.00633,Sad,Sad
3.59,0.279,3.19,0.891,3.55,1.68,-0.00289,Sad,Sad
3.54,0.283,3.26,0.922,3.5,1.68,-0.00762,Sad,Sad
3.55,0.281,3.2,0.901,3.34,1.59,-0.0184,Sad,Sad
3.66,0.273,3.18,0.867,3.41,1.61,-0.0223,Sad,Sad
3.82,0.261,3.17,0.829,3.48,1.7,-0.0245,Sad,Sad
3.88,0.257,3.23,0.832,3.52,1.77,-0.0276,Sad,Sad
3.82,0.262,3.07,0.805,3.54,1.83,-0.0315,Sad,Sad
3.72,0.269,3.1,0.833,3.68,1.9,-0.0344,Sad,Sad
3.67,0.273,3.07,0.837,4.19,1.92,-0.032,Sad,Sad
3.65,0.274,3.05,0.837,4.46,1.84,-0.0266,Sad,Sad
3.71,0.269,3.08,0.829,4.47,1.88,-0.0255,Sad,Sad
3.87,0.259,3.06,0.792,4.6,1.82,-0.0214,Sad,Sad
3.88,0.257,3.02,0.776,4.73,1.84,-0.0157,Sad,Sad
3.82,0.262,2.99,0.782,4.78,1.78,-0.012,Sad,Sad
3.64,0.275,2.96,0.812,4.77,1.67,-0.00547,Sad,Sad
3.45,0.29,2.84,0.823,4.8,1.65,0.00787,Sad,Sad
3.4,0.294,2.78,0.819,4.84,1.62,0.0169,Sad,Sad
3.42,0.293,2.89,0.847,4.85,1.67,0.0158,Sad,Sad
3.42,0.293,3.1,0.907,4.76,1.66,0.0102,Sad,Sad
3.4,0.294,3.58,1.05,4.5,1.7,0.00169,Sad,Sad
3.41,0.293,3.57,1.05,4.46,1.84,-0.00449,Sad,Sad
3.12,0.32,3.51,1.12,4.4,1.85,-0.0042,Sad,Sad
2.79,0.359,3.52,1.26,4.24,1.95,-0.00518,Sad,Sad
2.78,0.36,3.67,1.32,4.22,1.96,-0.0331,Sad,Sad
3.05,0.328,3.86,1.27,4.57,2.25,-0.0594,Sad,Sad
3.18,0.314,4.03,1.27,5,2.27,-0.0643,Sad,Sad
3.41,0.294,4.05,1.19,5.19,2.3,-0.052,Sad,Sad
3.55,0.281,4.16,1.17,5.32,2.43,-0.0468,Sad,Sad
3.54,0.282,4.17,1.18,5.36,2.39,-0.051,Sad,Sad
3.54,0.282,4.04,1.14,5.34,2.35,-0.0518,Sad,Sad
3.49,0.287,3.85,1.1,5.31,2.34,-0.0515,Sad,Sad
3.47,0.289,3.84,1.11,5.3,2.3,-0.0407,Sad,Sad
3.54,0.282,3.85,1.09,5.36,2.28,-0.024,Sad,Sad
3.63,0.275,3.85,1.06,5.4,2.26,-0.0161,Sad,Sad
3.6,0.278,3.75,1.04,5.32,2.29,-0.00607,Sad,Sad
3.5,0.286,3.42,0.977,5.09,1.96,0.00508,Sad,Sad
3.4,0.294,3.39,0.997,4.76,2.03,0.00905,Sad,Sad
3.09,0.323,3.29,1.06,4.25,1.88,0.0282,Sad,Sad
3.05,0.328,3.17,1.04,3.77,1.68,0.0389,Sad,Sad
3.09,0.323,3.22,1.04,3.77,1.7,0.0478,Sad,Sad
3.13,0.319,3.28,1.05,3.77,1.7,0.043,Sad,Sad
3.12,0.321,3.28,1.05,3.82,1.71,0.0302,Sad,Sad
3,0.333,3.55,1.18,3.91,1.74,0.0145,Sad,Sad
2.83,0.353,3.79,1.34,3.74,1.9,-0.00727,Sad,Sad
2.86,0.35,3.77,1.32,3.64,1.8,-0.0367,Sad,Sad
3,0.334,3.79,1.27,3.65,1.79,-0.0464,Sad,Sad
3.08,0.325,3.74,1.21,3.81,1.71,-0.0369,Sad,Sad
3.15,0.317,3.68,1.17,3.96,1.66,-0.0354,Sad,Sad
3.18,0.315,3.73,1.17,3.96,1.72,-0.0418,Sad,Sad
3.17,0.316,3.63,1.15,3.88,1.73,-0.0486,Sad,Sad
3.11,0.321,3.52,1.13,3.87,1.63,-0.0663,Sad,Sad
3.12,0.321,3.53,1.13,3.91,1.66,-0.089,Sad,Sad
3.16,0.317,3.42,1.08,3.88,1.54,-0.0925,Sad,Sad
3.14,0.318,3.33,1.06,3.86,1.42,-0.0902,Sad,Sad
3.11,0.322,3.04,0.98,3.87,1.33,-0.0879,Sad,Sad
2.96,0.338,3.05,1.03,3.92,1.38,-0.0886,Sad,Sad
2.76,0.363,2.91,1.06,3.93,1.4,-0.0969,Sad,Sad
2.55,0.393,2.96,1.16,3.82,1.4,-0.109,Sad,Sad
2.43,0.412,2.98,1.23,3.75,1.38,-0.117,Sad,Sad
2.43,0.412,2.93,1.21,3.76,1.33,-0.131,Sad,Sad
2.4,0.417,2.93,1.22,3.76,1.41,-0.135,Sad,Sad
2.25,0.444,2.9,1.29,3.76,1.39,-0.121,Sad,Sad
2.08,0.48,2.86,1.37,3.7,1.5,-0.074,Sad,Sad
2.04,0.49,2.71,1.33,3.56,1.74,-0.00903,Sad,Sad
2.18,0.459,2.8,1.29,3.38,1.62,0.0153,Sad,Sad
2.18,0.46,2.78,1.28,3.28,1.68,0.0329,Sad,Sad
2.35,0.426,2.8,1.19,3.13,1.73,0.0211,Sad,Sad
2.55,0.393,2.78,1.09,2.99,1.71,0.0115,Sad,Sad
2.57,0.389,2.89,1.12,2.92,1.78,0.00667,Sad,Sad
2.61,0.382,2.91,1.11,2.87,1.78,0.00861,Sad,Sad
2.69,0.372,2.92,1.09,3.06,1.77,0.0468,Sad,Sad
2.7,0.37,3,1.11,3.83,1.74,0.0452,Sad,Sad
2.81,0.356,3.05,1.08,4.31,1.72,-0.00284,Sad,Sad
2.71,0.369,3.64,1.34,4.5,3.76,-0.0574,Sad,Sad
2.87,0.349,3.63,1.27,4.5,3.79,-0.058,Sad,Sad
2.89,0.347,3.9,1.35,4.55,3.86,-0.0613,Sad,Sad
2.99,0.335,4.07,1.36,4.56,3.98,-0.0548,Sad,Sad
3.44,0.291,4.22,1.23,4.5,4.1,-0.0444,Sad,Sad
3.72,0.269,4.23,1.14,4.64,4.02,-0.0424,Sad,Sad
3.75,0.267,4.34,1.16,4.92,3.91,-0.0417,Sad,Sad
3.89,0.257,4.36,1.12,5.06,3.79,-0.0325,Sad,Sad
4.01,0.25,4.34,1.08,5.06,3.64,-0.0268,Sad,Sad
4.01,0.249,4.34,1.08,4.94,3.73,-0.0265,Sad,Sad
3.98,0.251,4.32,1.09,4.82,3.78,-0.0236,Sad,Sad
3.97,0.252,4.29,1.08,4.83,3.8,-0.0212,Sad,Sad
3.93,0.255,4.22,1.07,4.84,3.72,-0.02,Sad,Sad
3.92,0.255,4.14,1.06,4.82,3.6,-0.0187,Sad,Sad
3.81,0.263,3.94,1.04,4.81,3.44,-0.02,Sad,Sad
3.39,0.295,3.9,1.15,4.78,3.36,-0.00411,Sad,Sad
3.29,0.304,3.85,1.17,4.44,3.33,0.0249,Sad,Sad
3.34,0.299,3.68,1.1,3.87,3.38,0.0353,Sad,Sad
3.11,0.321,3.65,1.17,3.61,3.41,0.0614,Sad,Sad
3,0.334,3.56,1.19,3.6,3.36,0.082,Sad,Sad
2.97,0.337,3.59,1.21,3.71,3.26,0.0733,Sad,Sad
2.84,0.352,3.55,1.25,3.91,3.16,0.0777,Sad,Sad
2.85,0.351,3.58,1.26,4,3.13,0.0642,Sad,Sad
2.98,0.336,3.56,1.19,4.21,3.12,0.0405,Sad,Sad
3.07,0.326,3.52,1.15,4.65,3.15,0.0351,Sad,Sad
3.18,0.314,3.64,1.14,4.91,3.1,0.0385,Sad,Sad
3.51,0.285,3.52,1,5.04,2.98,0.0529,Sad,Sad
3.75,0.267,3.46,0.922,5.16,3,0.0628,Sad,Sad
3.85,0.26,3.4,0.881,5.2,2.73,0.0615,Sad,Sad
3.86,0.259,3.42,0.885,5.2,2.68,0.059,Sad,Sad
3.82,0.261,3.38,0.884,5.17,2.56,0.0625,Sad,Sad
3.82,0.262,3.32,0.871,5.16,2.47,0.0655,Sad,Sad
3.84,0.26,3.34,0.869,5.2,2.39,0.0641,Sad,Sad
3.81,0.262,3.36,0.882,5.23,2.31,0.0701,Sad,Sad
3.76,0.266,3.44,0.916,5.09,2.54,0.0825,Sad,Sad
3.78,0.264,3.46,0.916,4.79,2.54,0.0745,Sad,Sad
3.78,0.264,3.26,0.862,4.7,2.56,0.0615,Sad,Sad
3.5,0.286,3.11,0.889,4.75,2.59,0.044,Sad,Sad
3.01,0.332,3.13,1.04,4.88,2.49,-0.00425,Sad,Sad
2.71,0.37,3,1.11,4.93,2.5,-0.0423,Sad,Sad
2.69,0.371,3.01,1.12,4.93,2.53,-0.0469,Sad,Sad
2.69,0.372,3.07,1.14,4.99,2.56,-0.0552,Sad,Sad
2.66,0.376,3.28,1.23,5.01,2.61,-0.0699,Sad,Sad
2.76,0.362,3.29,1.19,4.96,2.68,-0.0757,Sad,Sad
2.87,0.349,3.25,1.13,5.01,2.64,-0.0638,Sad,Sad
2.94,0.34,3.08,1.05,5.33,2.43,-0.0466,Sad,Sad
2.88,0.347,3.1,1.07,5.6,2.42,-0.036,Sad,Sad
2.74,0.366,3.08,1.12,5.62,3.05,-0.0317,Sad,Sad
2.77,0.361,3.67,1.33,5.51,3.46,-0.0149,Sad,Sad
2.78,0.359,3.95,1.42,5.44,3.45,-0.0132,Sad,Sad
2.81,0.356,3.94,1.4,5.43,3.42,-0.0276,Sad,Sad
2.86,0.35,4.1,1.43,5.41,3.46,-0.0296,Sad,Sad
3.01,0.333,4.34,1.45,5.35,3.74,-0.0198,Sad,Sad
3.17,0.316,4.34,1.37,5.31,3.77,0.00685,Sad,Sad
3.25,0.308,4.39,1.35,5.26,3.78,0.0256,Sad,Sad
3.29,0.304,4.37,1.33,5.09,3.79,0.0243,Sad,Sad
3.24,0.308,4.43,1.37,4.53,3.84,0.019,Sad,Sad
3.21,0.312,4.45,1.39,3.61,3.83,0.0178,Sad,Sad
3.16,0.317,4.54,1.44,3.37,3.45,0.0185,Sad,Sad
3.11,0.322,4.23,1.36,3.72,3.25,0.0159,Sad,Sad
3.14,0.319,4.24,1.35,3.79,3.25,0.0224,Sad,Sad
3.17,0.315,4.21,1.33,3.67,3.25,0.0356,Sad,Sad
3.15,0.317,3.95,1.26,3.78,3.1,0.039,Sad,Sad
3.13,0.319,3.64,1.16,4,2.67,0.0309,Sad,Sad
3.12,0.321,3.69,1.18,4.07,2.52,0.0118,Sad,Sad
2.96,0.338,3.72,1.26,4.11,2.45,-0.00187,Sad,Sad
2.95,0.339,3.76,1.27,4.16,2.53,-0.00336,Sad,Sad
2.96,0.338,4.11,1.39,4.14,2.62,0.000935,Sad,Sad
3.09,0.323,4.16,1.35,4.09,2.64,-0.00103,Sad,Sad
3.33,0.3,4.01,1.2,4.02,2.59,-0.0057,Sad,Sad
3.41,0.293,4,1.17,3.76,2.65,-0.0145,Sad,Sad
3.37,0.297,4,1.19,3.52,2.61,-0.0237,Sad,Sad
3.37,0.297,4.01,1.19,3.51,2.7,-0.0299,Sad,Sad
3.35,0.299,4.02,1.2,3.24,2.76,-0.0288,Sad,Sad
3.15,0.317,4,1.27,2.81,2.79,-0.032,Sad,Sad
3.04,0.329,3.9,1.28,2.92,2.86,-0.0353,Sad,Sad
3.01,0.332,3.91,1.3,3.22,2.86,-0.0367,Sad,Sad
2.9,0.344,3.82,1.32,3.34,2.59,-0.0448,Sad,Sad
2.88,0.347,3.04,1.06,3.44,2.56,-0.0417,Sad,Sad
2.61,0.383,3.22,1.24,3.57,2.68,-0.0594,Sad,Sad
2.7,0.37,3.22,1.19,3.65,2.71,-0.0112,Sad,Sad
3.03,0.33,3.3,1.09,4.07,3.01,0.0258,Sad,Sad
3.16,0.317,3.34,1.06,4.39,3.03,0.0427,Sad,Sad
3.16,0.316,3.34,1.06,4.47,2.98,0.0527,Sad,Sad
3.14,0.318,3.33,1.06,4.49,2.99,0.0544,Sad,Sad
3.15,0.318,3.32,1.05,4.5,2.99,0.0535,Sad,Sad
3.13,0.32,3.27,1.05,4.45,2.94,0.0511,Sad,Sad
3.15,0.318,3.3,1.05,4.32,3.07,0.0404,Sad,Sad
3.17,0.316,3.69,1.16,4.31,3.11,0.0378,Sad,Sad
3.45,0.29,3.72,1.08,4.34,3.13,0.0255,Sad,Sad
3.74,0.267,3.72,0.995,4.46,3.14,0.00716,Sad,Sad
3.78,0.264,3.74,0.988,4.59,3.18,-0.00476,Sad,Sad
3.68,0.271,3.67,0.997,4.53,2.92,-0.0173,Sad,Sad
3.63,0.276,3.63,0.999,4.44,2.91,-0.0309,Sad,Sad
3.63,0.276,3.78,1.04,4.41,2.85,-0.032,Sad,Sad
3.7,0.27,3.83,1.03,4.56,2.96,-0.0232,Sad,Sad
3.85,0.26,4.08,1.06,4.83,2.95,-0.0175,Sad,Sad
4.09,0.244,4.15,1.01,5.08,2.94,-0.0137,Sad,Sad
4.29,0.233,4.07,0.947,5.41,2.83,-0.00991,Sad,Sad
4.33,0.231,4.02,0.927,5.62,2.75,-0.0109,Sad,Sad
4.22,0.237,3.99,0.944,5.64,2.77,-0.012,Sad,Sad
4.12,0.243,3.95,0.958,5.63,2.67,-0.00756,Sad,Sad
4.03,0.248,3.94,0.978,5.6,2.6,-0.00289,Sad,Sad
4.01,0.249,3.97,0.988,5.55,2.85,0.00175,Sad,Sad
4.04,0.247,4.03,0.998,5.5,2.9,0.00451,Sad,Sad
4.09,0.245,3.93,0.962,5.5,2.79,0.00344,Sad,Sad
4.04,0.247,3.79,0.936,5.44,2.66,0.00175,Sad,Sad
3.48,0.288,3.77,1.08,4.08,2.07,-0.0062,Sad,Calm
3.43,0.291,3.56,1.04,3.89,2.06,0.00448,Sad,Calm
3.44,0.291,3.39,0.985,3.46,1.99,0.00933,Sad,Calm
3.35,0.298,3.28,0.979,3.35,2.01,0.0103,Sad,Calm
3.15,0.318,3.3,1.05,3.5,2.03,0.0129,Sad,Calm
3.05,0.328,3.24,1.06,3.6,1.97,0.0145,Sad,Calm
3.14,0.318,3.16,1,3.81,1.87,0.0103,Sad,Calm
2.87,0.348,3.14,1.09,3.91,2.05,0.014,Sad,Calm
2.5,0.4,3.1,1.24,3.96,2.11,0.0832,Sad,Calm
2.46,0.407,3.07,1.25,4,2.03,0.12,Sad,Calm
2.45,0.408,2.76,1.12,3.99,2.01,0.123,Sad,Calm
2.54,0.394,2.95,1.16,4.05,1.92,0.0839,Sad,Calm
2.62,0.382,3.09,1.18,4.19,1.87,0.0346,Sad,Calm
2.64,0.379,3.07,1.16,4.2,1.79,0.00908,Sad,Calm
2.66,0.376,3.18,1.2,4.16,1.76,0.00084,Sad,Calm
2.65,0.377,3.19,1.2,4.06,1.8,0.000308,Sad,Calm
2.62,0.381,3.14,1.2,3.93,1.84,-0.0026,Sad,Calm
2.56,0.39,3.21,1.25,3.91,1.81,-0.0198,Sad,Calm
2.57,0.389,3.22,1.25,4,1.59,-0.0344,Sad,Calm
2.54,0.393,3.17,1.25,4.11,1.53,-0.042,Sad,Calm
2.59,0.386,3.38,1.31,4.16,1.53,-0.0338,Sad,Calm
2.73,0.366,3.31,1.21,4.23,1.61,-0.0206,Sad,Calm
2.78,0.36,3.21,1.16,4.2,1.68,-0.0138,Sad,Calm
2.69,0.372,3.02,1.12,4.15,1.82,0.00483,Sad,Calm
2.6,0.384,2.95,1.14,4.16,1.83,0.0214,Sad,Calm
2.68,0.373,2.8,1.04,4.16,1.82,0.0131,Sad,Calm
2.76,0.363,2.9,1.05,4.16,1.78,-0.0157,Sad,Calm
2.78,0.359,2.84,1.02,4.11,1.81,-0.0376,Sad,Calm
2.69,0.371,2.7,1,4.03,1.86,-0.0394,Sad,Calm
2.76,0.362,3.1,1.12,3.97,1.94,-0.0244,Sad,Calm
3.01,0.333,3.22,1.07,3.78,2.12,-0.0119,Sad,Calm
3.07,0.326,2.99,0.976,3.66,2.06,0.000266,Sad,Calm
2.92,0.342,3,1.03,3.58,2.06,-0.0005,Sad,Calm
2.85,0.35,3.02,1.06,3.62,1.99,-0.0172,Sad,Calm
2.9,0.344,3.06,1.05,3.8,1.94,-0.0135,Sad,Calm
3.21,0.311,3.04,0.946,3.85,1.97,-0.00565,Sad,Calm
3.38,0.296,3.02,0.895,3.92,2.04,-0.00615,Sad,Calm
3.4,0.294,3.18,0.937,4.15,2.05,-0.00104,Sad,Calm
3.4,0.294,3.2,0.94,4.21,2.23,0.00518,Sad,Calm
3.55,0.282,3.56,1,4.12,2.26,-0.000746,Sad,Calm
3.64,0.275,3.34,0.919,4.11,2.15,-0.0122,Sad,Calm
3.65,0.274,3.25,0.888,4.3,2.05,-0.0244,Sad,Calm
3.63,0.275,3.29,0.905,4.38,2.04,-0.0321,Sad,Calm
3.65,0.274,3.28,0.899,4.38,2.02,-0.0304,Sad,Calm
3.73,0.268,3.23,0.866,4.33,2.01,-0.0317,Sad,Calm
3.7,0.27,3.24,0.874,4.26,1.97,-0.0409,Sad,Calm
3.56,0.281,3.33,0.935,4.31,1.98,-0.0501,Sad,Calm
3.38,0.296,3.46,1.02,4.22,2.02,-0.0553,Sad,Calm
3.35,0.299,3.42,1.02,4.16,2.27,-0.0582,Sad,Calm
3.3,0.303,3.15,0.954,4.2,2.06,-0.0702,Sad,Calm
3.34,0.299,3.01,0.901,4.2,2.06,-0.0686,Sad,Calm
3.11,0.321,3.12,1,4.03,2.15,-0.0685,Sad,Calm
3.02,0.332,3.2,1.06,3.88,2.28,-0.0728,Sad,Calm
3.03,0.33,3.18,1.05,3.87,2.45,-0.0754,Sad,Calm
2.92,0.342,3.21,1.1,4.05,2.47,-0.0793,Sad,Calm
2.73,0.367,3.27,1.2,4.12,2.56,-0.0862,Sad,Calm
2.74,0.366,3.31,1.21,4.04,2.6,-0.0902,Sad,Calm
2.77,0.362,3.47,1.26,4,2.71,-0.0831,Sad,Calm
2.8,0.358,3.44,1.23,3.95,2.61,-0.0542,Sad,Calm
2.84,0.352,3.35,1.18,3.89,2.49,-0.0401,Sad,Calm
2.64,0.378,3.35,1.27,3.78,2.49,-0.0299,Sad,Calm
2.39,0.419,3.4,1.42,3.84,2.53,-0.00103,Sad,Calm
2.38,0.419,3.41,1.43,3.95,2.45,0.0109,Sad,Calm
2.4,0.417,3.46,1.44,3.92,2.44,0.00181,Sad,Calm
2.45,0.409,3.49,1.43,3.73,2.43,-0.0134,Sad,Calm
2.47,0.405,3.47,1.41,3.52,2.47,-0.012,Sad,Calm
2.42,0.413,3.41,1.41,3.49,2.51,0.00404,Sad,Calm
2.4,0.416,3.5,1.46,3.6,2.53,0.00468,Sad,Calm
2.34,0.428,3.33,1.42,3.67,2.42,-0.023,Sad,Calm
2.24,0.446,3.36,1.5,3.62,2.49,-0.0809,Sad,Calm
2.32,0.431,3.39,1.46,3.56,2.52,-0.114,Sad,Calm
2.51,0.399,3.46,1.38,3.53,2.55,-0.111,Sad,Calm
2.61,0.384,3.41,1.31,3.36,2.57,-0.101,Sad,Calm
2.64,0.378,3.34,1.26,3.16,2.58,-0.0838,Sad,Calm
2.72,0.368,3.27,1.2,3.09,2.5,-0.076,Sad,Calm
2.78,0.359,3.27,1.17,3.13,2.46,-0.0799,Sad,Calm
2.88,0.348,3.36,1.17,3.19,2.48,-0.0882,Sad,Calm
2.9,0.344,3.48,1.2,3.28,2.31,-0.0907,Sad,Calm
2.87,0.348,3.27,1.14,3.46,2.3,-0.0891,Sad,Calm
3.01,0.332,3.33,1.11,3.75,2.31,-0.0573,Sad,Calm
3.15,0.318,3.29,1.04,3.84,2.17,-0.0299,Sad,Calm
3.11,0.322,3.31,1.06,3.86,2.24,-0.02,Sad,Calm
3.04,0.329,3.14,1.03,4.11,2.17,-0.0198,Sad,Calm
2.99,0.334,3.1,1.04,4.36,2.04,-0.0194,Sad,Calm
2.94,0.341,3.08,1.05,4.48,2.14,-0.0244,Sad,Calm
2.95,0.338,3.06,1.04,4.56,2.17,-0.031,Sad,Calm
2.95,0.339,3.06,1.04,4.58,2.04,-0.0286,Sad,Calm
2.95,0.339,3.46,1.18,4.57,2.2,-0.0223,Sad,Calm
3.01,0.332,3.37,1.12,4.54,2.14,-0.0176,Sad,Calm
3.04,0.329,3.35,1.1,4.43,2.29,-0.0144,Sad,Calm
2.92,0.343,3.37,1.15,4.3,2.36,-0.0371,Sad,Calm
2.86,0.35,3.35,1.17,4.28,2.32,-0.0789,Sad,Calm
2.88,0.347,3.38,1.17,4.3,2.26,-0.082,Sad,Calm
2.85,0.351,3.36,1.18,4.19,2.33,-0.0723,Sad,Calm
2.86,0.349,3.33,1.16,3.97,2.31,-0.0617,Sad,Calm
2.81,0.356,3.33,1.19,3.81,2.24,-0.0504,Sad,Calm
2.67,0.374,3.33,1.25,3.63,2.26,-0.0369,Sad,Calm
2.54,0.394,3.29,1.3,3.43,2.38,-0.0226,Sad,Calm
2.42,0.413,2.7,1.11,3.27,2.27,-0.0252,Sad,Calm
2.32,0.432,2.78,1.2,3.19,2.29,-0.0536,Sad,Calm
2.23,0.449,2.75,1.23,3.23,2.12,-0.0713,Sad,Calm
2.08,0.48,2.72,1.31,3.36,2.13,-0.064,Sad,Calm
2.08,0.481,2.78,1.34,3.49,2.12,-0.0403,Sad,Calm
2.12,0.471,2.69,1.27,3.38,2.1,-0.0216,Sad,Calm
2.07,0.483,2.75,1.33,3.14,2.16,-0.0295,Sad,Calm
1.99,0.502,2.79,1.4,3.05,2.32,-0.062,Sad,Calm
1.98,0.505,3.46,1.75,3.16,2.28,-0.079,Sad,Calm
